Site ID,Gene ID,Chromosome,Gene start,Gene end,No. of DMS per gene,DMS position,Feature type,DMS name,Gene name,Functional annotation,Methylation difference (%),q-value,More methylated in
SLK063_ragtag_chr19.7889086,CarCarScaffG00000025474.1,SLK063_ragtag_chr19,7880427,7904391,7,7889086,introns,TRIT1.3,TRIT1,Similar to Trit1: tRNA dimethylallyltransferase (Mus musculus OX=10090),37.43776966,0.00030812,Females
SLK063_ragtag_chr2.17364488,CarCarScaffG00000005085.1,SLK063_ragtag_chr2,17361759,17362199,1,17364488,intergenic,NA,NA,Protein of unknown function,36.63360882,0.010384328,Females
SLK063_ragtag_chr19.7889078,CarCarScaffG00000025474.1,SLK063_ragtag_chr19,7880427,7904391,7,7889078,introns,TRIT1.2,TRIT1,Similar to Trit1: tRNA dimethylallyltransferase (Mus musculus OX=10090),35.32260758,5.46E-06,Females
SLK063_ragtag_chr10.48194734,CarCarScaffG00000019369.1,SLK063_ragtag_chr10,48127776,48193802,1,48194734,promoters,AMDHD2.1,AMDHD2,Similar to amdhd2: N-acetylglucosamine-6-phosphate deacetylase (Danio rerio OX=7955),34.49677339,0.006625769,Females
SLK063_ragtag_chr4.134907444,CarCarScaffG00000010890.1,SLK063_ragtag_chr4,134865666,135034789,1,134907444,introns,CTNNA2.1,CTNNA2,Similar to CTNNA2: Catenin alpha-2 (Gallus gallus OX=9031),33.16584668,0.001168165,Females
SLK063_ragtag_chr2.23069168,CarCarScaffG00000005130.1,SLK063_ragtag_chr2,23041832,23242770,1,23069168,introns,DIP2C.1,DIP2C,Similar to DIP2C: Disco-interacting protein 2 homolog C (Homo sapiens OX=9606),32.63333785,0.000131464,Females
SLK063_ragtag_chr3.62872080,CarCarScaffG00000008155.1,SLK063_ragtag_chr3,62854286,62900636,1,62872080,introns,RASGRP3.1,RASGRP3,Similar to RASGRP3: Ras guanyl-releasing protein 3 (Homo sapiens OX=9606),32.51851852,7.85E-05,Females
SLK063_ragtag_chr9.49010864,CarCarScaffG00000017909.1,SLK063_ragtag_chr9,49002274,49049935,1,49010864,introns,EHHADH.1,EHHADH,Similar to EHHADH: Peroxisomal bifunctional enzyme (Homo sapiens OX=9606),29.95934959,0.000379161,Females
SLK063_ragtag_chr11.63225940,CarCarScaffG00000020595.1,SLK063_ragtag_chr11,62772929,63309599,1,63225940,exons,NCKAP5.1,NCKAP5,Similar to NCKAP5: Nck-associated protein 5 (Homo sapiens OX=9606),29.44202372,3.72E-05,Females
SLK063_ragtag_chr7.71193399,CarCarScaffG00000015245.1,SLK063_ragtag_chr7,71181765,71230261,1,71193399,introns,NA,NA,Protein of unknown function,28.77107877,0.000214532,Females
SLK063_ragtag_chr19.7889097,CarCarScaffG00000025474.1,SLK063_ragtag_chr19,7880427,7904391,7,7889097,introns,TRIT1.4,TRIT1,Similar to Trit1: tRNA dimethylallyltransferase (Mus musculus OX=10090),28.46844849,0.047587021,Females
SLK063_ragtag_chr17.20633049,CarCarScaffG00000024731.1,SLK063_ragtag_chr17,20542996,20654457,1,20633049,introns,PPM1E.1,PPM1E,Similar to PPM1E: Protein phosphatase 1E (Homo sapiens OX=9606),27.92230934,0.049318951,Females
SLK063_ragtag_chr3.163195550,CarCarScaffG00000009084.1,SLK063_ragtag_chr3,162923753,163204350,2,163195550,introns,SNTG2.2,SNTG2,Similar to SNTG2: Gamma-2-syntrophin (Homo sapiens OX=9606),27.84669211,0.001012095,Females
SLK063_ragtag_chr4.120243040,CarCarScaffG00000010716.1,SLK063_ragtag_chr4,120056447,120280173,1,120243040,introns,PPP2R2C.1,PPP2R2C,Similar to PPP2R2C: Serine/threonine-protein phosphatase 2A 55 kDa regulatory subunit B gamma isoform (Homo sapiens OX=9606),27.72703412,5.22E-05,Females
SLK063_ragtag_chr19.7889065,CarCarScaffG00000025474.1,SLK063_ragtag_chr19,7880427,7904391,7,7889065,introns,TRIT1.1,TRIT1,Similar to Trit1: tRNA dimethylallyltransferase (Mus musculus OX=10090),27.58502233,0.027494571,Females
SLK063_ragtag_chr19.7889156,CarCarScaffG00000025474.1,SLK063_ragtag_chr19,7880427,7904391,7,7889156,introns,TRIT1.6,TRIT1,Similar to Trit1: tRNA dimethylallyltransferase (Mus musculus OX=10090),27.56247936,6.95E-05,Females
SLK063_ragtag_chr9.84348152,CarCarScaffG00000018322.1,SLK063_ragtag_chr9,84346738,84346977,1,84348152,promoters,NA,NA,Protein of unknown function,27.43628859,0.006374103,Females
SLK063_ragtag_chr20.13518200,CarCarScaffG00000025993.1,SLK063_ragtag_chr20,13440827,13521422,1,13518200,introns,KIF21B.1,KIF21B,Similar to KIF21B: Kinesin-like protein KIF21B (Homo sapiens OX=9606),27.43413517,0.025804409,Females
SLK063_ragtag_chr6.91970464,CarCarScaffG00000013821.1,SLK063_ragtag_chr6,91772453,92056939,5,91970464,introns,EML5.5,EML5,Similar to EML5: Echinoderm microtubule-associated protein-like 5 (Homo sapiens OX=9606),27.43207713,0.006315141,Females
SLK063_ragtag_chr20.13272105,CarCarScaffG00000025990.1,SLK063_ragtag_chr20,13241628,13284667,1,13272105,introns,AHCYL1.1,AHCYL1,Similar to AHCYL1: S-adenosylhomocysteine hydrolase-like protein 1 (Homo sapiens OX=9606),27.34292734,0.000549647,Females
SLK063_ragtag_chr14.27306290,CarCarScaffG00000022913.1,SLK063_ragtag_chr14,27130206,27428179,2,27306290,introns,RALY.1,RALY,Similar to Raly: RNA-binding protein Raly (Mus musculus OX=10090),26.96138389,0.008819431,Females
SLK063_ragtag_chr15.17099220,CarCarScaffG00000023570.1,SLK063_ragtag_chr15,16960294,17205870,1,17099220,introns,ARVCF.1,ARVCF,Similar to Arvcf: Armadillo repeat protein deleted in velo-cardio-facial syndrome homolog (Mus musculus OX=10090),26.75066869,0.048585217,Females
SLK063_ragtag_chr5.94511122,CarCarScaffG00000011946.1,SLK063_ragtag_chr5,94458761,94532649,1,94511122,exons,SLC1A1.1,SLC1A1,Similar to SLC1A1: Excitatory amino acid transporter 3 (Oryctolagus cuniculus OX=9986),26.62987942,0.02600687,Females
SLK063_ragtag_chr3.163195544,CarCarScaffG00000009084.1,SLK063_ragtag_chr3,162923753,163204350,2,163195544,introns,SNTG2.1,SNTG2,Similar to SNTG2: Gamma-2-syntrophin (Homo sapiens OX=9606),26.47948753,0.012408071,Females
SLK063_ragtag_chr3.203086996,CarCarScaffG00000009441.1,SLK063_ragtag_chr3,202711387,203077585,1,203086996,intergenic,ADGRB3.1,ADGRB3,Similar to ADGRB3: Adhesion G protein-coupled receptor B3 (Homo sapiens OX=9606),26.33506516,0.0049856,Females
SLK063_ragtag_chr6.91827050,CarCarScaffG00000013821.1,SLK063_ragtag_chr6,91772453,92056939,5,91827050,introns,EML5.1,EML5,Similar to EML5: Echinoderm microtubule-associated protein-like 5 (Homo sapiens OX=9606),26.28051405,0.000895936,Females
SLK063_ragtag_chr2.152468540,CarCarScaffG00000006312.1,SLK063_ragtag_chr2,152139067,152558608,2,152468540,introns,PHACTR1.2,PHACTR1,Similar to PHACTR1: Phosphatase and actin regulator 1 (Gallus gallus OX=9031),26.19772384,0.004120453,Females
SLK063_ragtag_chr19.7889193,CarCarScaffG00000025474.1,SLK063_ragtag_chr19,7880427,7904391,7,7889193,introns,TRIT1.7,TRIT1,Similar to Trit1: tRNA dimethylallyltransferase (Mus musculus OX=10090),26.09318996,0.00129061,Females
SLK063_ragtag_chr11.25874276,CarCarScaffG00000020220.1,SLK063_ragtag_chr11,25703001,25887069,1,25874276,introns,MYO1B.1,MYO1B,Similar to MYO1B: Unconventional myosin-Ib (Homo sapiens OX=9606),26.08547009,0.04546329,Females
SLK063_ragtag_chr20.552481,CarCarScaffG00000025711.1,SLK063_ragtag_chr20,514809,570397,1,552481,introns,NR1H4.1,NR1H4,Similar to NR1H4: Bile acid receptor (Homo sapiens OX=9606),26.05504587,0.032449834,Females
SLK063_ragtag_chr15.6485569,CarCarScaffG00000023423.1,SLK063_ragtag_chr15,6271682,6497643,1,6485569,introns,CUX2.1,CUX2,Similar to CUX2: Homeobox protein cut-like 2 (Homo sapiens OX=9606),25.91642963,0.005450688,Females
SLK063_ragtag_chr1.293235593,CarCarScaffG00000004218.1,SLK063_ragtag_chr1,293219136,293397408,1,293235593,introns,ADAMTS20.1,ADAMTS20,Similar to Adamts20: A disintegrin and metalloproteinase with thrombospondin motifs 20 (Mus musculus OX=10090),25.84051724,0.026754491,Females
SLK063_ragtag_chr14.30118055,CarCarScaffG00000022945.1,SLK063_ragtag_chr14,30045881,30122852,1,30118055,introns,SOGA1.1,SOGA1,Similar to SOGA1: Protein SOGA1 (Homo sapiens OX=9606),25.83768602,0.010630118,Females
SLK063_ragtag_chr6.18049657,CarCarScaffG00000012930.1,SLK063_ragtag_chr6,18034460,18115852,1,18049657,introns,MUC5B.1,MUC5B,Similar to MUC5B: Mucin-5B (Gallus gallus OX=9031),25.77619553,0.003497171,Females
SLK063_ragtag_chr7.94978660,CarCarScaffG00000015510.1,SLK063_ragtag_chr7,94927798,94996167,1,94978660,introns,BLNK.1,BLNK,Similar to BLNK: B-cell linker protein (Gallus gallus OX=9031),25.76928432,0.006890288,Females
SLK063_ragtag_chr4.121155354,CarCarScaffG00000010729.1,SLK063_ragtag_chr4,121151401,121722470,1,121155354,introns,SORCS2.1,SORCS2,Similar to SORCS2: VPS10 domain-containing receptor SorCS2 (Homo sapiens OX=9606),25.59094018,0.017770607,Females
SLK063_ragtag_chr9.102827760,CarCarScaffG00000018622.1,SLK063_ragtag_chr9,102813949,102820125,1,102827760,intergenic,AIRE.1,AIRE,Similar to Aire: Autoimmune regulator (Mus musculus OX=10090),25.50104112,0.017747595,Females
SLK063_ragtag_chr2.258377839,CarCarScaffG00000007314.1,SLK063_ragtag_chr2,258259275,258604147,1,258377839,introns,ZC3H3.1,ZC3H3,Similar to ZC3H3: Zinc finger CCCH domain-containing protein 3 (Homo sapiens OX=9606),25.10703987,0.007176755,Females
SLK063_ragtag_chr9.4294947,CarCarScaffG00000017370.1,SLK063_ragtag_chr9,4224823,4285903,1,4294947,intergenic,TPRG1.1,TPRG1,Similar to TPRG1: Tumor protein p63-regulated gene 1 protein (Homo sapiens OX=9606),25.1059322,0.011671587,Females
SLK063_ragtag_chr4.75576371,CarCarScaffG00000010327.1,SLK063_ragtag_chr4,75557684,75699061,1,75576371,introns,GLRA3.1,GLRA3,Similar to GLRA3: Glycine receptor subunit alpha-3 (Homo sapiens OX=9606),25.09739777,0.003106855,Females
SLK063_ragtag_chr4.101692930,CarCarScaffG00000010577.1,SLK063_ragtag_chr4,101629379,101763671,1,101692930,introns,NWD2.1,NWD2,Similar to NWD2: NACHT and WD repeat domain-containing protein 2 (Homo sapiens OX=9606),24.99386578,0.018680645,Females
SLK063_ragtag_chr3.63172355,CarCarScaffG00000008161.1,SLK063_ragtag_chr3,63172591,63172965,1,63172355,promoters,NA,NA,Protein of unknown function,24.91446843,0.034271972,Females
SLK063_ragtag_chr19.10998122,CarCarScaffG00000025573.1,SLK063_ragtag_chr19,10924194,11034108,1,10998122,introns,AHDC1.1,AHDC1,Similar to AHDC1: AT-hook DNA-binding motif-containing protein 1 (Homo sapiens OX=9606),24.86012808,0.025550627,Females
SLK063_ragtag_chr6.27740713,CarCarScaffG00000013047.1,SLK063_ragtag_chr6,27495525,27941850,1,27740713,introns,GALNT18.1,GALNT18,Similar to GALNT18: Polypeptide N-acetylgalactosaminyltransferase 18 (Homo sapiens OX=9606),24.78870859,0.004739478,Females
SLK063_ragtag_chr19.7889131,CarCarScaffG00000025474.1,SLK063_ragtag_chr19,7880427,7904391,7,7889131,introns,TRIT1.5,TRIT1,Similar to Trit1: tRNA dimethylallyltransferase (Mus musculus OX=10090),24.73180077,0.029497723,Females
SLK063_ragtag_chr6.102380638,CarCarScaffG00000013934.1,SLK063_ragtag_chr6,102364389,102386480,1,102380638,introns,DLK1.1,DLK1,Similar to DLK1: Protein delta homolog 1 (Homo sapiens OX=9606),24.67001435,0.007499729,Females
SLK063_ragtag_chr13.3923531,CarCarScaffG00000021685.1,SLK063_ragtag_chr13,3912527,3938585,1,3923531,introns,TRIM39.1,TRIM39,Similar to Trim39: E3 ubiquitin-protein ligase TRIM39 (Mus musculus OX=10090),24.63741052,0.007296257,Females
SLK063_ragtag_chr5.54570585,CarCarScaffG00000011579.1,SLK063_ragtag_chr5,54560468,54570290,1,54570585,promoters,CPT2.1,CPT2,"Similar to Cpt2: Carnitine O-palmitoyltransferase 2, mitochondrial (Mus musculus OX=10090)",24.33554817,0.000310454,Females
SLK063_ragtag_chr2.49422505,CarCarScaffG00000005385.1,SLK063_ragtag_chr2,49348719,49601650,1,49422505,introns,DYNC1I1.1,DYNC1I1,Similar to DYNC1I1: Cytoplasmic dynein 1 intermediate chain 1 (Homo sapiens OX=9606),24.20247919,0.009656662,Females
SLK063_ragtag_chr4.101320139,CarCarScaffG00000010569.1,SLK063_ragtag_chr4,101178093,101323395,1,101320139,introns,TBC1D1.1,TBC1D1,Similar to TBC1D1: TBC1 domain family member 1 (Homo sapiens OX=9606),24.18961065,0.021463338,Females
SLK063_ragtag_chr0.19726266,CarCarScaffG00000000571.1,SLK063_ragtag_chr0,19653878,19740717,1,19726266,introns,LGALS4.1,LGALS4,Similar to LGALS4: Galectin-4 (Sus scrofa OX=9823),24.17840376,0.047592191,Females
SLK063_ragtag_chr13.14197269,CarCarScaffG00000022043.1,SLK063_ragtag_chr13,14192640,14241824,1,14197269,introns,NDEL1.1,NDEL1,Similar to NDEL1: Nuclear distribution protein nudE-like 1 (Gallus gallus OX=9031),24.13419913,0.033104354,Females
SLK063_ragtag_chr1.276831868,CarCarScaffG00000004061.1,SLK063_ragtag_chr1,276677863,276929356,1,276831868,introns,SYT1.1,SYT1,Similar to SYT1: Synaptotagmin-1 (Homo sapiens OX=9606),24.02030913,0.009317504,Females
SLK063_ragtag_chr28.5432708,CarCarScaffG00000029879.1,SLK063_ragtag_chr28,5421173,5461327,1,5432708,introns,TRIM15.1,TRIM15,Similar to TRIM15: Tripartite motif-containing protein 15 (Sus scrofa OX=9823),23.98677438,0.043809456,Females
SLK063_ragtag_chr23.11056264,CarCarScaffG00000027292.1,SLK063_ragtag_chr23,10960646,11135794,1,11056264,introns,ANTXR1.1,ANTXR1,Similar to ANTXR1: Anthrax toxin receptor 1 (Homo sapiens OX=9606),23.94821157,0.012139458,Females
SLK063_ragtag_chr16.13117856,CarCarScaffG00000024171.1,SLK063_ragtag_chr16,13112250,13127220,1,13117856,introns,ZER1.1,ZER1,Similar to ZER1: Protein zer-1 homolog (Homo sapiens OX=9606),23.86041364,0.013609123,Females
SLK063_ragtag_chr2.175538368,CarCarScaffG00000006531.1,SLK063_ragtag_chr2,175260057,175648377,1,175538368,introns,PIEZO2.1,PIEZO2,Similar to PIEZO2: Piezo-type mechanosensitive ion channel component 2 (Homo sapiens OX=9606),23.82029868,0.042977803,Females
SLK063_ragtag_chr8.106088015,CarCarScaffG00000017280.1,SLK063_ragtag_chr8,106080096,106095555,1,106088015,introns,NA,NA,Protein of unknown function,23.81896863,0.002233688,Females
SLK063_ragtag_chr2.146639790,CarCarScaffG00000006258.1,SLK063_ragtag_chr2,146612602,146648398,1,146639790,introns,NA,NA,Protein of unknown function,23.72561561,0.000767909,Females
SLK063_ragtag_chr1.204890344,CarCarScaffG00000002901.1,SLK063_ragtag_chr1,204881162,204895433,1,204890344,introns,B3GAT1.1,B3GAT1,Similar to B3gat1: Galactosylgalactosylxylosylprotein 3-beta-glucuronosyltransferase 1 (Mus musculus OX=10090),23.65710561,0.007129063,Females
SLK063_ragtag_chr2.152182368,CarCarScaffG00000006312.1,SLK063_ragtag_chr2,152139067,152558608,2,152182368,introns,PHACTR1.1,PHACTR1,Similar to PHACTR1: Phosphatase and actin regulator 1 (Gallus gallus OX=9031),23.64319249,0.025064572,Females
SLK063_ragtag_chr4.55569854,CarCarScaffG00000010122.1,SLK063_ragtag_chr4,55559725,55655387,1,55569854,introns,NDST3.1,NDST3,Similar to NDST3: Bifunctional heparan sulfate N-deacetylase/N-sulfotransferase 3 (Homo sapiens OX=9606),23.57954545,0.021333691,Females
SLK063_ragtag_chr12.2683393,CarCarScaffG00000020872.1,SLK063_ragtag_chr12,2496074,2701902,1,2683393,introns,HYDIN.1,HYDIN,Similar to HYDIN: Hydrocephalus-inducing protein homolog (Homo sapiens OX=9606),23.57752489,0.010242926,Females
SLK063_ragtag_chr15.13925491,CarCarScaffG00000023539.1,SLK063_ragtag_chr15,13887803,13951916,1,13925491,introns,ULK1.1,ULK1,Similar to Ulk1: Serine/threonine-protein kinase ULK1 (Mus musculus OX=10090),23.51405622,0.02041673,Females
SLK063_ragtag_chr2.21041161,CarCarScaffG00000005115.1,SLK063_ragtag_chr2,20986675,22048232,1,21041161,introns,PTPRN2.1,PTPRN2,Similar to Ptprn2: Receptor-type tyrosine-protein phosphatase N2 (Rattus norvegicus OX=10116),23.51257067,0.035851887,Females
SLK063_ragtag_chr1.275764936,CarCarScaffG00000004056.1,SLK063_ragtag_chr1,275706090,275911584,1,275764936,introns,PTPRQ.1,PTPRQ,Similar to PTPRQ: Phosphatidylinositol phosphatase PTPRQ (Homo sapiens OX=9606),23.47086088,0.024344348,Females
SLK063_ragtag_chr10.78550294,CarCarScaffG00000019805.1,SLK063_ragtag_chr10,78540686,78607832,1,78550294,introns,LLGL1.1,LLGL1,Similar to LLGL1: Lethal(2) giant larvae protein homolog 1 (Homo sapiens OX=9606),23.45506842,0.044652495,Females
SLK063_ragtag_chr1.237500538,CarCarScaffG00000003421.1,SLK063_ragtag_chr1,237493263,237493595,1,237500538,intergenic,RPL35A.1,RPL35A,Similar to RPL35A: 60S ribosomal protein L35a (Homo sapiens OX=9606),23.41303048,0.012928241,Females
SLK063_ragtag_chr1.292701854,CarCarScaffG00000004212.1,SLK063_ragtag_chr1,292691305,293021204,1,292701854,introns,TMEM117.1,TMEM117,Similar to Tmem117: Transmembrane protein 117 (Mus musculus OX=10090),23.34012332,0.037897369,Females
SLK063_ragtag_chr5.44544430,CarCarScaffG00000011509.1,SLK063_ragtag_chr5,44413030,44580220,1,44544430,introns,MSH3.1,MSH3,Similar to MSH3: DNA mismatch repair protein Msh3 (Homo sapiens OX=9606),23.31851852,0.029506094,Females
SLK063_ragtag_chr1.80199361,CarCarScaffG00000001716.1,SLK063_ragtag_chr1,80155533,80267274,1,80199361,introns,USH2A.1,USH2A,Similar to USH2A: Usherin (Homo sapiens OX=9606),23.29988852,0.018041755,Females
SLK063_ragtag_chr3.86331577,CarCarScaffG00000008380.1,SLK063_ragtag_chr3,86207118,86518023,1,86331577,introns,QKI.1,QKI,Similar to QKI: Protein quaking (Gallus gallus OX=9031),23.19673266,0.041227533,Females
SLK063_ragtag_chr4.93721201,CarCarScaffG00000010479.1,SLK063_ragtag_chr4,93646007,93716773,1,93721201,intergenic,DCUN1D4.1,DCUN1D4,Similar to DCUN1D4: DCN1-like protein 4 (Homo sapiens OX=9606),23.13332887,0.011390277,Females
SLK063_ragtag_chr1.2239251,CarCarScaffG00000000762.1,SLK063_ragtag_chr1,2234376,2235323,1,2239251,intergenic,OR52R1.1,OR52R1,Similar to OR52R1: Olfactory receptor 52R1 (Homo sapiens OX=9606),23.12185066,0.018579424,Females
SLK063_ragtag_chr9.97161284,CarCarScaffG00000018518.1,SLK063_ragtag_chr9,97160729,97201403,1,97161284,introns,KLF5.1,KLF5,Similar to KLF5: Krueppel-like factor 5 (Homo sapiens OX=9606),23.04237896,0.0367317,Females
SLK063_ragtag_chr8.32595680,CarCarScaffG00000016319.1,SLK063_ragtag_chr8,32454968,32725417,1,32595680,introns,RANBP17.1,RANBP17,Similar to RANBP17: Ran-binding protein 17 (Homo sapiens OX=9606),23.03171722,0.011849053,Females
SLK063_ragtag_chr21.17585272,CarCarScaffG00000026356.1,SLK063_ragtag_chr21,17421456,17756185,1,17585272,introns,DSCAML1.1,DSCAML1,Similar to DSCAML1: Down syndrome cell adhesion molecule-like protein 1 homolog (Gallus gallus OX=9031),22.99736968,0.004827879,Females
SLK063_ragtag_chr8.100151472,CarCarScaffG00000017183.1,SLK063_ragtag_chr8,99582420,100340780,1,100151472,introns,AGBL4.1,AGBL4,Similar to AGBL4: Cytosolic carboxypeptidase 6 (Homo sapiens OX=9606),22.98672908,0.011849053,Females
SLK063_ragtag_chr10.53584640,CarCarScaffG00000019465.1,SLK063_ragtag_chr10,53573370,53603795,1,53584640,introns,RGS11.1,RGS11,Similar to Rgs11: Regulator of G-protein signaling 11 (Mus musculus OX=10090),22.83088235,0.004660352,Females
SLK063_ragtag_chr3.51440286,CarCarScaffG00000008025.1,SLK063_ragtag_chr3,51310307,51789887,1,51440286,introns,DNAH6.1,DNAH6,Similar to DNAH6: Dynein axonemal heavy chain 6 (Homo sapiens OX=9606),22.77341261,0.003826609,Females
SLK063_ragtag_chr6.3112335,CarCarScaffG00000012485.1,SLK063_ragtag_chr6,3112156,3112686,1,3112335,promoters,OLF2.1,OLF2,Similar to Olfactory receptor-like protein OLF2 (Canis lupus familiaris OX=9615),22.76221333,0.003385445,Females
SLK063_ragtag_chr2.128423388,CarCarScaffG00000006137.1,SLK063_ragtag_chr2,128423347,128423829,1,128423388,promoters,NA,NA,Protein of unknown function,22.74774775,0.021231901,Females
SLK063_ragtag_chr1.274875420,CarCarScaffG00000004045.1,SLK063_ragtag_chr1,274676789,275285406,1,274875420,introns,PPFIA2.1,PPFIA2,Similar to PPFIA2: Liprin-alpha-2 (Homo sapiens OX=9606),22.6913346,0.045270735,Females
SLK063_ragtag_chr7.101841940,CarCarScaffG00000015559.1,SLK063_ragtag_chr7,101697147,101911494,1,101841940,introns,PTPRE.1,PTPRE,Similar to PTPRE: Receptor-type tyrosine-protein phosphatase epsilon (Homo sapiens OX=9606),22.68953634,0.045165497,Females
SLK063_ragtag_chr12.42339165,CarCarScaffG00000021391.1,SLK063_ragtag_chr12,42086369,42413768,1,42339165,introns,NA,NA,Protein of unknown function,22.67369727,0.044588524,Females
SLK063_ragtag_chr26.9600181,CarCarScaffG00000028645.1,SLK063_ragtag_chr26,9560666,9592467,1,9600181,intergenic,ADGRE3.1,ADGRE3,Similar to ADGRE3: Adhesion G protein-coupled receptor E3 (Homo sapiens OX=9606),22.63050675,0.01783285,Females
SLK063_ragtag_chr22.11340513,CarCarScaffG00000026907.1,SLK063_ragtag_chr22,11345593,11348728,1,11340513,intergenic,RERGL.1,RERGL,Similar to rergl: Ras-related and estrogen-regulated growth inhibitor-like protein (Danio rerio OX=7955),22.52415459,0.023942231,Females
SLK063_ragtag_chr1.102722901,CarCarScaffG00000001874.1,SLK063_ragtag_chr1,102495779,102787571,1,102722901,introns,GPC6.1,GPC6,Similar to GPC6: Glypican-6 (Homo sapiens OX=9606),22.52171395,0.009780476,Females
SLK063_ragtag_chr2.88054724,CarCarScaffG00000005766.1,SLK063_ragtag_chr2,88032297,88288249,2,88054724,introns,PDE1C.1,PDE1C,"Similar to PDE1C: Calcium/calmodulin-dependent 3',5'-cyclic nucleotide phosphodiesterase 1C (Homo sapiens OX=9606)",22.46228787,0.002563082,Females
SLK063_ragtag_chr2.88113360,CarCarScaffG00000005766.1,SLK063_ragtag_chr2,88032297,88288249,2,88113360,introns,PDE1C.2,PDE1C,"Similar to PDE1C: Calcium/calmodulin-dependent 3',5'-cyclic nucleotide phosphodiesterase 1C (Homo sapiens OX=9606)",22.39047339,0.003743552,Females
SLK063_ragtag_chr7.3038408,CarCarScaffG00000014281.1,SLK063_ragtag_chr7,2854430,3090402,1,3038408,introns,FHIT.1,FHIT,Similar to FHIT: Bis(5'-adenosyl)-triphosphatase (Homo sapiens OX=9606),22.3618677,0.03878722,Females
SLK063_ragtag_chr9.27662489,CarCarScaffG00000017663.1,SLK063_ragtag_chr9,27644556,27736339,1,27662489,introns,RNF13.1,RNF13,Similar to RNF13: E3 ubiquitin-protein ligase RNF13 (Gallus gallus OX=9031),22.31634183,0.01595687,Females
SLK063_ragtag_chr8.2585844,CarCarScaffG00000015946.1,SLK063_ragtag_chr8,2322968,2650112,1,2585844,introns,EBF1.1,EBF1,Similar to EBF1: Transcription factor COE1 (Homo sapiens OX=9606),22.25464004,0.030999772,Females
SLK063_ragtag_chr14.23803861,CarCarScaffG00000022876.1,SLK063_ragtag_chr14,23711109,24389619,1,23803861,introns,PTPRT.1,PTPRT,Similar to PTPRT: Receptor-type tyrosine-protein phosphatase T (Homo sapiens OX=9606),22.13010557,0.049566256,Females
SLK063_ragtag_chr2.3385871,CarCarScaffG00000004915.1,SLK063_ragtag_chr2,3378156,3383272,1,3385871,intergenic,TSNARE1.1,TSNARE1,Similar to TSNARE1: t-SNARE domain-containing protein 1 (Homo sapiens OX=9606),22.11038961,0.00139095,Females
SLK063_ragtag_chr3.14315185,CarCarScaffG00000007622.1,SLK063_ragtag_chr3,14307684,14544872,1,14315185,introns,KIF16B.1,KIF16B,Similar to KIF16B: Kinesin-like protein KIF16B (Homo sapiens OX=9606),22.10879518,0.049064795,Females
SLK063_ragtag_chr13.29748578,CarCarScaffG00000022317.1,SLK063_ragtag_chr13,29659032,29847006,1,29748578,introns,PITPNC1.1,PITPNC1,Similar to PITPNC1: Cytoplasmic phosphatidylinositol transfer protein 1 (Homo sapiens OX=9606),22.06182204,0.026192619,Females
SLK063_ragtag_chr10.24469502,CarCarScaffG00000018984.1,SLK063_ragtag_chr10,24474484,24862782,1,24469502,intergenic,UNC13C.1,UNC13C,Similar to UNC13C: Protein unc-13 homolog C (Homo sapiens OX=9606),22.05599729,0.044939211,Females
SLK063_ragtag_chr23.6533807,CarCarScaffG00000027239.1,SLK063_ragtag_chr23,6420944,6628615,1,6533807,introns,PEBP4.1,PEBP4,Similar to PEBP4: Phosphatidylethanolamine-binding protein 4 (Homo sapiens OX=9606),22.04013378,0.023055589,Females
SLK063_ragtag_chr6.44311527,CarCarScaffG00000013240.1,SLK063_ragtag_chr6,44269332,44441166,1,44311527,introns,LDLRAD3.1,LDLRAD3,Similar to LDLRAD3: Low-density lipoprotein receptor class A domain-containing protein 3 (Homo sapiens OX=9606),22.01404041,0.025804064,Females
SLK063_ragtag_chr3.64206243,CarCarScaffG00000008170.1,SLK063_ragtag_chr3,64196146,64236060,1,64206243,introns,NA,NA,Protein of unknown function,21.94651227,0.009162003,Females
SLK063_ragtag_chr10.6358530,CarCarScaffG00000018738.1,SLK063_ragtag_chr10,6252439,6367519,1,6358530,introns,NA,NA,Protein of unknown function,21.92369034,0.012920888,Females
SLK063_ragtag_chr6.55042398,CarCarScaffG00000013368.1,SLK063_ragtag_chr6,55029405,55040601,1,55042398,intergenic,RDH12.1,RDH12,Similar to RDH12: Retinol dehydrogenase 12 (Homo sapiens OX=9606),21.92218351,0.032604742,Females
SLK063_ragtag_chr24.9195483,CarCarScaffG00000027756.1,SLK063_ragtag_chr24,9143393,9201535,1,9195483,introns,ACE.1,ACE,Similar to ACE: Angiotensin-converting enzyme (Fragment) (Gallus gallus OX=9031),21.79878945,0.009509643,Females
SLK063_ragtag_chr10.54632911,CarCarScaffG00000019485.1,SLK063_ragtag_chr10,54516619,54696559,1,54632911,introns,KATNIP.1,KATNIP,Similar to Katnip: Katanin-interacting protein (Mus musculus OX=10090),21.79509787,0.045535073,Females
SLK063_ragtag_chr2.108969915,CarCarScaffG00000005963.1,SLK063_ragtag_chr2,108956785,108963033,1,108969915,intergenic,NA,NA,Protein of unknown function,21.71052632,0.028711802,Females
SLK063_ragtag_chr1.208090,CarCarScaffG00000000653.1,SLK063_ragtag_chr1,138540,249191,1,208090,introns,DCHS1.1,DCHS1,Similar to Dchs1: Protocadherin-16 (Mus musculus OX=10090),21.67423751,0.047576643,Females
SLK063_ragtag_chr1.107695092,CarCarScaffG00000001917.1,SLK063_ragtag_chr1,107680571,107695893,1,107695092,introns,MROH6.1,MROH6,Similar to MROH6: Maestro heat-like repeat-containing protein family member 6 (Homo sapiens OX=9606),21.66758393,0.031427559,Females
SLK063_ragtag_chr5.9299892,CarCarScaffG00000011137.1,SLK063_ragtag_chr5,9237816,9596644,1,9299892,introns,MYO5B.1,MYO5B,Similar to MYO5B: Unconventional myosin-Vb (Homo sapiens OX=9606),21.64674238,0.043993916,Females
SLK063_ragtag_chr6.91854371,CarCarScaffG00000013821.1,SLK063_ragtag_chr6,91772453,92056939,5,91854371,exons,EML5.2,EML5,Similar to EML5: Echinoderm microtubule-associated protein-like 5 (Homo sapiens OX=9606),21.55225727,0.017246806,Females
SLK063_ragtag_chr4.47063037,CarCarScaffG00000010051.1,SLK063_ragtag_chr4,46913005,47103427,1,47063037,introns,RNF150.1,RNF150,Similar to RNF150: RING finger protein 150 (Homo sapiens OX=9606),21.54653834,0.010461998,Females
SLK063_ragtag_chr1.45830151,CarCarScaffG00000001356.1,SLK063_ragtag_chr1,45712539,45998013,1,45830151,introns,FRY.1,FRY,Similar to FRY: Protein furry homolog (Homo sapiens OX=9606),21.52945924,0.029867089,Females
SLK063_ragtag_chr9.82793008,CarCarScaffG00000018314.1,SLK063_ragtag_chr9,82499527,82900930,1,82793008,introns,AFF2.1,AFF2,Similar to AFF2: AF4/FMR2 family member 2 (Homo sapiens OX=9606),21.49245064,0.029774152,Females
SLK063_ragtag_chr1.29335715,CarCarScaffG00000001187.1,SLK063_ragtag_chr1,29168846,29460005,1,29335715,introns,ARHGAP42.1,ARHGAP42,Similar to ARHGAP42: Rho GTPase-activating protein 42 (Homo sapiens OX=9606),21.48701409,0.047267232,Females
SLK063_ragtag_chr4.18192098,CarCarScaffG00000009747.1,SLK063_ragtag_chr4,17884819,18221480,1,18192098,introns,ARHGAP24.1,ARHGAP24,Similar to ARHGAP24: Rho GTPase-activating protein 24 (Homo sapiens OX=9606),21.45097701,0.028231217,Females
SLK063_ragtag_chr1.225565520,CarCarScaffG00000003295.1,SLK063_ragtag_chr1,225534474,225652042,1,225565520,introns,WNT7B.1,WNT7B,Similar to WNT7B: Protein Wnt-7b (Gallus gallus OX=9031),21.37614679,0.046800186,Females
SLK063_ragtag_chr3.66884710,CarCarScaffG00000008189.1,SLK063_ragtag_chr3,66894011,66894382,1,66884710,intergenic,NA,NA,Protein of unknown function,21.37007874,0.01965664,Females
SLK063_ragtag_chr9.92836898,CarCarScaffG00000018431.1,SLK063_ragtag_chr9,92815263,92848162,1,92836898,introns,ZMYM3.1,ZMYM3,Similar to ZMYM3: Zinc finger MYM-type protein 3 (Homo sapiens OX=9606),21.31869792,0.00413975,Females
SLK063_ragtag_chr2.199704847,CarCarScaffG00000006785.1,SLK063_ragtag_chr2,199703960,199704751,1,199704847,promoters,NA,NA,Similar to Transposon TX1 uncharacterized 149 kDa protein (Xenopus laevis OX=8355),21.21806789,0.038935458,Females
SLK063_ragtag_chr13.15789647,CarCarScaffG00000022057.1,SLK063_ragtag_chr13,15655257,15807086,1,15789647,introns,ARHGAP44.1,ARHGAP44,Similar to ARHGAP44: Rho GTPase-activating protein 44 (Homo sapiens OX=9606),21.0884919,0.033166838,Females
SLK063_ragtag_chr3.21781038,CarCarScaffG00000007709.1,SLK063_ragtag_chr3,21770693,21808836,1,21781038,introns,NA,NA,Protein of unknown function,21.0748207,0.015391883,Females
SLK063_ragtag_chr7.40248663,CarCarScaffG00000014835.1,SLK063_ragtag_chr7,40187388,40523233,1,40248663,introns,ATP2B2.1,ATP2B2,Similar to Atp2b2: Plasma membrane calcium-transporting ATPase 2 (Mus musculus OX=10090),20.78489816,0.004234857,Females
SLK063_ragtag_chr18.20392252,CarCarScaffG00000025284.1,SLK063_ragtag_chr18,20392209,20400738,1,20392252,promoters,NA,NA,Protein of unknown function,20.75213233,0.03969012,Females
SLK063_ragtag_chr2.90801998,CarCarScaffG00000005796.1,SLK063_ragtag_chr2,90704509,91060443,1,90801998,introns,AOAH.1,AOAH,Similar to AOAH: Acyloxyacyl hydrolase (Homo sapiens OX=9606),20.70990474,0.04799482,Females
SLK063_ragtag_chr9.14601595,CarCarScaffG00000017519.1,SLK063_ragtag_chr9,14599085,14600374,1,14601595,promoters,NA,NA,Protein of unknown function,20.55610979,0.037345422,Females
SLK063_ragtag_chr10.56788447,CarCarScaffG00000019521.1,SLK063_ragtag_chr10,56517504,56832645,1,56788447,introns,NA,NA,Protein of unknown function,20.55129704,0.044882566,Females
SLK063_ragtag_chr3.62202109,CarCarScaffG00000008134.1,SLK063_ragtag_chr3,62182519,62204174,1,62202109,introns,VEGFA.1,VEGFA,Similar to VEGFA: Vascular endothelial growth factor A (Gallus gallus OX=9031),20.53527981,0.033686887,Females
SLK063_ragtag_chr15.24972239,CarCarScaffG00000023781.1,SLK063_ragtag_chr15,24926290,24986823,1,24972239,introns,NOS1.1,NOS1,"Similar to NOS1: Nitric oxide synthase, brain (Homo sapiens OX=9606)",20.48204528,0.012571452,Females
SLK063_ragtag_chr8.32997992,CarCarScaffG00000016325.1,SLK063_ragtag_chr8,32892523,33005622,1,32997992,introns,FGF18.1,FGF18,Similar to FGF18: Fibroblast growth factor 18 (Homo sapiens OX=9606),20.42698658,0.023271288,Females
SLK063_ragtag_chr11.63341246,CarCarScaffG00000020597.1,SLK063_ragtag_chr11,63336873,63462438,1,63341246,introns,GPR39.1,GPR39,Similar to GPR39: G-protein coupled receptor 39 (Bos taurus OX=9913),20.42069707,0.002375863,Females
SLK063_ragtag_chr10.62333924,CarCarScaffG00000019555.1,SLK063_ragtag_chr10,62286135,62470638,1,62333924,introns,CLEC16A.1,CLEC16A,Similar to CLEC16A: Protein CLEC16A (Homo sapiens OX=9606),20.30603805,0.028435762,Females
SLK063_ragtag_chr9.89571327,CarCarScaffG00000018382.1,SLK063_ragtag_chr9,89544106,89614559,1,89571327,introns,MBNL3.1,MBNL3,Similar to MBNL3: Muscleblind-like protein 3 (Homo sapiens OX=9606),20.27529762,0.028347449,Females
SLK063_ragtag_chr9.36554585,CarCarScaffG00000017777.1,SLK063_ragtag_chr9,36547485,36568831,1,36554585,introns,SCG2.1,SCG2,Similar to SCG2: Secretogranin-2 (Homo sapiens OX=9606),20.27210884,0.041375383,Females
SLK063_ragtag_chr4.47861379,CarCarScaffG00000010063.1,SLK063_ragtag_chr4,47665393,48027977,1,47861379,introns,MAML3.1,MAML3,Similar to MAML3: Mastermind-like protein 3 (Homo sapiens OX=9606),20.22486772,0.018660404,Females
SLK063_ragtag_chr8.7140783,CarCarScaffG00000016016.1,SLK063_ragtag_chr8,7116446,7145532,1,7140783,introns,SLC6A7.1,SLC6A7,Similar to Slc6a7: Sodium-dependent proline transporter (Mus musculus OX=10090),20.02615234,0.029166479,Females
SLK063_ragtag_chr6.91965368,CarCarScaffG00000013821.1,SLK063_ragtag_chr6,91772453,92056939,5,91965368,introns,EML5.4,EML5,Similar to EML5: Echinoderm microtubule-associated protein-like 5 (Homo sapiens OX=9606),19.80894922,0.029851634,Females
SLK063_ragtag_chr1.131627555,CarCarScaffG00000002167.1,SLK063_ragtag_chr1,131604283,131895949,1,131627555,introns,OCA2.1,OCA2,Similar to Oca2: P protein (Sus scrofa OX=9823),19.79200128,0.049438635,Females
SLK063_ragtag_chr2.182907087,CarCarScaffG00000006613.1,SLK063_ragtag_chr2,182867578,182910145,1,182907087,introns,ABHD3.1,ABHD3,Similar to ABHD3: Phospholipase ABHD3 (Homo sapiens OX=9606),19.74542394,0.002029271,Females
SLK063_ragtag_chr15.12724898,CarCarScaffG00000023530.1,SLK063_ragtag_chr15,12695228,12731583,1,12724898,introns,STX2.1,STX2,Similar to STX2: Syntaxin-2 (Homo sapiens OX=9606),19.71784777,0.034432677,Females
SLK063_ragtag_chr4.21019220,CarCarScaffG00000009809.1,SLK063_ragtag_chr4,21025415,21027850,1,21019220,intergenic,GPRIN3.1,GPRIN3,Similar to GPRIN3: G protein-regulated inducer of neurite outgrowth 3 (Homo sapiens OX=9606),19.60784314,0.026646688,Females
SLK063_ragtag_chr14.15990439,CarCarScaffG00000022760.1,SLK063_ragtag_chr14,15991097,16001711,1,15990439,promoters,KCNG1.1,KCNG1,Similar to Kcng1: Potassium voltage-gated channel subfamily G member 1 (Rattus norvegicus OX=10116),19.60526316,0.004287402,Females
SLK063_ragtag_chr2.59718493,CarCarScaffG00000005463.1,SLK063_ragtag_chr2,59701137,59763659,1,59718493,introns,ABCB5.1,ABCB5,Similar to ABCB5: ATP-binding cassette sub-family B member 5 (Homo sapiens OX=9606),19.52846975,0.005549457,Females
SLK063_ragtag_chr20.9388436,CarCarScaffG00000025892.1,SLK063_ragtag_chr20,9380928,9397685,1,9388436,introns,NA,NA,Protein of unknown function,19.46112742,0.013078056,Females
SLK063_ragtag_chr1.26597790,CarCarScaffG00000001173.1,SLK063_ragtag_chr1,26410256,26692095,1,26597790,introns,MAML2.1,MAML2,Similar to MAML2: Mastermind-like protein 2 (Homo sapiens OX=9606),19.35152582,0.047864758,Females
SLK063_ragtag_chr7.4939933,CarCarScaffG00000014285.1,SLK063_ragtag_chr7,4770334,4992380,1,4939933,introns,CADPS.1,CADPS,Similar to CADPS: Calcium-dependent secretion activator 1 (Homo sapiens OX=9606),19.13456913,0.028144544,Females
SLK063_ragtag_chr7.83348071,CarCarScaffG00000015370.1,SLK063_ragtag_chr7,83015109,83534653,1,83348071,introns,CDH23.1,CDH23,Similar to Cdh23: Cadherin-23 (Mus musculus OX=10090),19.11114248,0.006654041,Females
SLK063_ragtag_chr15.11538724,CarCarScaffG00000023521.1,SLK063_ragtag_chr15,11513936,11539968,1,11538724,introns,NA,NA,Protein of unknown function,19.10507793,0.044566593,Females
SLK063_ragtag_chr17.10716182,CarCarScaffG00000024578.1,SLK063_ragtag_chr17,10705121,11145982,1,10716182,introns,AUTS2.1,AUTS2,Similar to AUTS2: Autism susceptibility gene 2 protein (Homo sapiens OX=9606),18.91196626,0.03307632,Females
SLK063_ragtag_chr2.27817703,CarCarScaffG00000005154.1,SLK063_ragtag_chr2,27804238,27834672,1,27817703,introns,NA,NA,Protein of unknown function,18.80952381,0.035032358,Females
SLK063_ragtag_chr7.27558984,CarCarScaffG00000014521.1,SLK063_ragtag_chr7,27359688,27771403,1,27558984,introns,CACNA2D3.1,CACNA2D3,Similar to Cacna2d3: Voltage-dependent calcium channel subunit alpha-2/delta-3 (Rattus norvegicus OX=10116),18.72330327,0.049730466,Females
SLK063_ragtag_chr2.141054025,CarCarScaffG00000006199.1,SLK063_ragtag_chr2,141029647,141054113,1,141054025,promoters,NA,NA,Protein of unknown function,18.70690244,0.024307373,Females
SLK063_ragtag_chr8.84778660,CarCarScaffG00000016987.1,SLK063_ragtag_chr8,84488153,84787754,1,84778660,introns,ST6GALNAC3.1,ST6GALNAC3,"Similar to ST6GALNAC3: Alpha-N-acetylgalactosaminide alpha-2,6-sialyltransferase 3 (Homo sapiens OX=9606)",18.69571816,0.003927742,Females
SLK063_ragtag_chr7.113342603,CarCarScaffG00000015675.1,SLK063_ragtag_chr7,113053817,113358353,1,113342603,introns,ABLIM1.1,ABLIM1,Similar to ABLIM1: Actin-binding LIM protein 1 (Homo sapiens OX=9606),18.53397723,0.028738994,Females
SLK063_ragtag_chr16.11722744,CarCarScaffG00000024130.1,SLK063_ragtag_chr16,11687019,11797662,1,11722744,introns,HMCN2.1,HMCN2,Similar to HMCN2: Hemicentin-2 (Homo sapiens OX=9606),18.50592089,0.039968215,Females
SLK063_ragtag_chr1.185703806,CarCarScaffG00000002702.1,SLK063_ragtag_chr1,185321561,185759828,1,185703806,introns,ROBO1.1,ROBO1,Similar to Robo1: Roundabout homolog 1 (Mus musculus OX=10090),18.4417285,0.005771827,Females
SLK063_ragtag_chr6.62925728,CarCarScaffG00000013481.1,SLK063_ragtag_chr6,62878912,63041262,1,62925728,introns,ALK.1,ALK,Similar to ALK: ALK tyrosine kinase receptor (Homo sapiens OX=9606),18.43378142,0.044322664,Females
SLK063_ragtag_chr22.2151224,CarCarScaffG00000026539.1,SLK063_ragtag_chr22,2151145,2151423,1,2151224,promoters,NA,NA,Protein of unknown function,18.29817159,0.037926814,Females
SLK063_ragtag_chr2.60369920,CarCarScaffG00000005472.1,SLK063_ragtag_chr2,60235832,60521073,1,60369920,introns,DNAH11.1,DNAH11,Similar to DNAH11: Dynein axonemal heavy chain 11 (Homo sapiens OX=9606),18.25136612,0.036188302,Females
SLK063_ragtag_chr5.23010597,CarCarScaffG00000011270.1,SLK063_ragtag_chr5,22908697,23128273,1,23010597,introns,GHR.1,GHR,Similar to GHR: Growth hormone receptor (Columba livia OX=8932),18.17601459,0.041000548,Females
SLK063_ragtag_chr8.14388078,CarCarScaffG00000016133.1,SLK063_ragtag_chr8,14305929,14502462,1,14388078,introns,RAPGEF6.1,RAPGEF6,Similar to RAPGEF6: Rap guanine nucleotide exchange factor 6 (Homo sapiens OX=9606),18.12836421,0.041289588,Females
SLK063_ragtag_chr1.2885554,CarCarScaffG00000000805.1,SLK063_ragtag_chr1,2885027,2886001,1,2885554,promoters,OR52B2.1,OR52B2,Similar to OR52B2: Olfactory receptor 52B2 (Homo sapiens OX=9606),18.09917355,0.038324415,Females
SLK063_ragtag_chr9.52489626,CarCarScaffG00000017954.1,SLK063_ragtag_chr9,52194763,52517388,2,52489626,introns,EPHB1.2,EPHB1,Similar to Ephb1: Ephrin type-B receptor 1 (Rattus norvegicus OX=10116),18.00388367,0.049709801,Females
SLK063_ragtag_chr10.83566746,CarCarScaffG00000019898.1,SLK063_ragtag_chr10,83567835,83582287,1,83566746,promoters,DCTN5.1,DCTN5,Similar to DCTN5: Dynactin subunit 5 (Homo sapiens OX=9606),17.98940241,0.039771252,Females
SLK063_ragtag_chr2.123475820,CarCarScaffG00000006099.1,SLK063_ragtag_chr2,123470641,123470877,1,123475820,intergenic,NA,NA,Protein of unknown function,17.97121371,0.04784848,Females
SLK063_ragtag_chr6.44595142,CarCarScaffG00000013242.1,SLK063_ragtag_chr6,44548141,44595987,1,44595142,introns,PRR5L.1,PRR5L,Similar to PRR5L: Proline-rich protein 5-like (Bos taurus OX=9913),17.9386646,0.049147853,Females
SLK063_ragtag_chr16.7989362,CarCarScaffG00000024054.1,SLK063_ragtag_chr16,7811459,8060276,1,7989362,introns,COL5A1.1,COL5A1,Similar to COL5A1: Collagen alpha-1(V) chain (Homo sapiens OX=9606),17.81469621,0.049736102,Females
SLK063_ragtag_chr4.74415925,CarCarScaffG00000010312.1,SLK063_ragtag_chr4,73881017,74436413,1,74415925,introns,GALNTL6.1,GALNTL6,Similar to GALNTL6: Polypeptide N-acetylgalactosaminyltransferase-like 6 (Homo sapiens OX=9606),17.59358289,0.038620302,Females
SLK063_ragtag_chr13.30100097,CarCarScaffG00000022324.1,SLK063_ragtag_chr13,30098117,30154799,1,30100097,introns,CACNG4.1,CACNG4,Similar to CACNG4: Voltage-dependent calcium channel gamma-4 subunit (Homo sapiens OX=9606),17.59348035,0.024472299,Females
SLK063_ragtag_chr16.23679436,CarCarScaffG00000024347.1,SLK063_ragtag_chr16,23677611,23699133,1,23679436,introns,EDF1.1,EDF1,Similar to EDF1: Endothelial differentiation-related factor 1 homolog (Gallus gallus OX=9031),17.16947791,0.030231894,Females
SLK063_ragtag_chr1.264006289,CarCarScaffG00000003871.1,SLK063_ragtag_chr1,263998011,264008942,1,264006289,introns,GSG1.1,GSG1,Similar to GSG1: Germ cell-specific gene 1 protein (Bos taurus OX=9913),17.14266454,0.022773619,Females
SLK063_ragtag_chr3.142810559,CarCarScaffG00000008916.1,SLK063_ragtag_chr3,142778520,142853303,1,142810559,introns,ORC3.1,ORC3,Similar to ORC3: Origin recognition complex subunit 3 (Bos taurus OX=9913),16.79180101,0.019549735,Females
SLK063_ragtag_chr2.102653811,CarCarScaffG00000005901.1,SLK063_ragtag_chr2,102424742,102683335,1,102653811,introns,ABCA13.1,ABCA13,Similar to ABCA13: ATP-binding cassette sub-family A member 13 (Homo sapiens OX=9606),16.6748366,0.048056765,Females
SLK063_ragtag_chr12.31792693,CarCarScaffG00000021227.1,SLK063_ragtag_chr12,31773149,31852216,1,31792693,introns,CDYL2.1,CDYL2,Similar to CDYL2: Chromodomain Y-like protein 2 (Homo sapiens OX=9606),16.58650205,0.031631796,Females
SLK063_ragtag_chr10.72720153,CarCarScaffG00000019703.1,SLK063_ragtag_chr10,72713096,72717834,1,72720153,intergenic,ZFAND2A.1,ZFAND2A,Similar to ZFAND2A: AN1-type zinc finger protein 2A (Homo sapiens OX=9606),16.48121773,0.04043168,Females
SLK063_ragtag_chr8.103311269,CarCarScaffG00000017233.1,SLK063_ragtag_chr8,103315300,103351034,1,103311269,intergenic,MOB3C.1,MOB3C,Similar to MOB3C: MOB kinase activator 3C (Bos taurus OX=9913),15.70807453,0.026899066,Females
SLK063_ragtag_chr6.91884969,CarCarScaffG00000013821.1,SLK063_ragtag_chr6,91772453,92056939,5,91884969,introns,EML5.3,EML5,Similar to EML5: Echinoderm microtubule-associated protein-like 5 (Homo sapiens OX=9606),15.30360641,0.035347306,Females
SLK063_ragtag_chr1.262015067,CarCarScaffG00000003836.1,SLK063_ragtag_chr1,262012945,262032834,1,262015067,introns,SEMA3D.1,SEMA3D,Similar to SEMA3D: Semaphorin-3D (Gallus gallus OX=9031),15.0123332,0.049594077,Females
SLK063_ragtag_chr1.314814011,CarCarScaffG00000004397.1,SLK063_ragtag_chr1,314786167,314876684,1,314814011,introns,PLXNC1.1,PLXNC1,Similar to PLXNC1: Plexin-C1 (Homo sapiens OX=9606),14.95048248,0.015297007,Females
SLK063_ragtag_chr20.5017673,CarCarScaffG00000025781.1,SLK063_ragtag_chr20,4996498,5023646,1,5017673,introns,CD55.1,CD55,Similar to CD55: Complement decay-accelerating factor (Fragment) (Pongo pygmaeus OX=9600),14.04832872,0.028391104,Females
SLK063_ragtag_chr2.166458087,CarCarScaffG00000006444.1,SLK063_ragtag_chr2,166458737,166459945,1,166458087,promoters,NA,NA,Protein of unknown function,13.94635798,0.008454623,Females
SLK063_ragtag_chr3.96436564,CarCarScaffG00000008466.1,SLK063_ragtag_chr3,96390008,96466202,1,96436564,introns,PPP1R14C.1,PPP1R14C,Similar to Ppp1r14c: Protein phosphatase 1 regulatory subunit 14C (Mus musculus OX=10090),13.65021049,0.039508607,Females
SLK063_ragtag_chr6.2706968,CarCarScaffG00000012459.1,SLK063_ragtag_chr6,2701599,2701976,1,2706968,intergenic,NA,NA,Protein of unknown function,13.53555121,0.008486907,Females
SLK063_ragtag_chr6.122946025,CarCarScaffG00000014197.1,SLK063_ragtag_chr6,122946159,122946710,1,122946025,promoters,NA,NA,Protein of unknown function,12.64358834,0.003086317,Females
SLK063_ragtag_chr3.32545533,CarCarScaffG00000007807.1,SLK063_ragtag_chr3,32547049,32550100,1,32545533,intergenic,NA,NA,Protein of unknown function,11.85587467,0.045215941,Females
SLK063_ragtag_chr26.11443243,CarCarScaffG00000028730.1,SLK063_ragtag_chr26,11437594,11460705,1,11443243,introns,MAN2B1.1,MAN2B1,Similar to MAN2B1: Lysosomal alpha-mannosidase (Macaca fascicularis OX=9541),-10.2251006,0.031106929,Males
SLK063_ragtag_chr20.15696897,CarCarScaffG00000026032.1,SLK063_ragtag_chr20,15700141,15702513,1,15696897,intergenic,PHLDA3.1,PHLDA3,Similar to Phlda3: Pleckstrin homology-like domain family A member 3 (Mus musculus OX=10090),-11.47871736,0.042056042,Males
SLK063_ragtag_chr6.103850685,CarCarScaffG00000013951.1,SLK063_ragtag_chr6,103732751,103861810,1,103850685,introns,RCOR1.1,RCOR1,Similar to Rcor1: REST corepressor 1 (Mus musculus OX=10090),-11.62411733,0.046511607,Males
SLK063_ragtag_chr18.17921403,CarCarScaffG00000025240.1,SLK063_ragtag_chr18,17771309,17926763,2,17921403,introns,PRKCZ.2,PRKCZ,Similar to Prkcz: Protein kinase C zeta type (Rattus norvegicus OX=10116),-11.70895797,0.016718178,Males
SLK063_ragtag_chr20.9633970,CarCarScaffG00000025902.1,SLK063_ragtag_chr20,9579253,9659298,1,9633970,introns,ITPR3.1,ITPR3,"Similar to ITPR3: Inositol 1,4,5-trisphosphate receptor type 3 (Homo sapiens OX=9606)",-11.78130511,0.038705034,Males
SLK063_ragtag_chr8.46851651,CarCarScaffG00000016531.1,SLK063_ragtag_chr8,46739114,46973970,1,46851651,introns,PBX1.1,PBX1,Similar to PBX1: Pre-B-cell leukemia transcription factor 1 (Homo sapiens OX=9606),-12.41185897,0.037766314,Males
SLK063_ragtag_chr8.6498751,CarCarScaffG00000015998.1,SLK063_ragtag_chr8,6492536,6537313,1,6498751,introns,ANXA6.1,ANXA6,Similar to ANXA6: Annexin A6 (Gallus gallus OX=9031),-12.68233705,0.020702787,Males
SLK063_ragtag_chr20.9039680,CarCarScaffG00000025884.1,SLK063_ragtag_chr20,9030798,9119080,5,9039680,introns,FOXP4.1,FOXP4,Similar to FOXP4: Forkhead box protein P4 (Homo sapiens OX=9606),-12.8503937,0.022383559,Males
SLK063_ragtag_chr16.13548779,CarCarScaffG00000024185.1,SLK063_ragtag_chr16,13545503,13566284,1,13548779,introns,GOLGA2.1,GOLGA2,Similar to Golga2: Golgin subfamily A member 2 (Mus musculus OX=10090),-13.08571429,0.023968874,Males
SLK063_ragtag_chr22.6945344,CarCarScaffG00000026759.1,SLK063_ragtag_chr22,6913064,6970943,1,6945344,introns,IGSF9.1,IGSF9,Similar to IGSF9: Protein turtle homolog A (Homo sapiens OX=9606),-13.29545455,0.045180962,Males
SLK063_ragtag_chr18.3144150,CarCarScaffG00000024956.1,SLK063_ragtag_chr18,3018092,3155166,1,3144150,introns,CCDC30.1,CCDC30,Similar to CCDC30: Coiled-coil domain-containing protein 30 (Homo sapiens OX=9606),-13.32227476,0.033553008,Males
SLK063_ragtag_chr4.82087355,CarCarScaffG00000010355.1,SLK063_ragtag_chr4,82085674,82086075,1,82087355,promoters,NA,NA,Protein of unknown function,-13.39655092,0.011839892,Males
SLK063_ragtag_chr23.5499148,CarCarScaffG00000027207.1,SLK063_ragtag_chr23,5472199,5546991,1,5499148,introns,XPO7.1,XPO7,Similar to XPO7: Exportin-7 (Gallus gallus OX=9031),-13.54978355,0.020162615,Males
SLK063_ragtag_chr25.4156657,CarCarScaffG00000028004.1,SLK063_ragtag_chr25,4150962,4163148,1,4156657,introns,PLK2.1,PLK2,Similar to Plk2: Serine/threonine-protein kinase PLK2 (Mus musculus OX=10090),-13.6026936,0.019319805,Males
SLK063_ragtag_chr9.7668868,CarCarScaffG00000017440.1,SLK063_ragtag_chr9,7656536,7719760,1,7668868,exons,ABCC5.1,ABCC5,Similar to ABCC5: ATP-binding cassette sub-family C member 5 (Homo sapiens OX=9606),-13.69372303,0.012076685,Males
SLK063_ragtag_chr16.10408668,CarCarScaffG00000024102.1,SLK063_ragtag_chr16,10381276,10472854,2,10408668,introns,NTNG2.2,NTNG2,Similar to NTNG2: Netrin-G2 (Homo sapiens OX=9606),-13.9908046,0.040215458,Males
SLK063_ragtag_chr9.98716973,CarCarScaffG00000018557.1,SLK063_ragtag_chr9,98651359,98794997,1,98716973,introns,NHSL2.1,NHSL2,Similar to NHSL2: NHS-like protein 2 (Homo sapiens OX=9606),-14.03008184,0.042430392,Males
SLK063_ragtag_chr23.5998177,CarCarScaffG00000027225.1,SLK063_ragtag_chr23,5991626,6013268,1,5998177,introns,PHYHIP.1,PHYHIP,Similar to PHYHIP: Phytanoyl-CoA hydroxylase-interacting protein (Homo sapiens OX=9606),-14.06060606,0.024146988,Males
SLK063_ragtag_chr25.10814163,CarCarScaffG00000028198.1,SLK063_ragtag_chr25,10761697,10860102,1,10814163,introns,DOT1L.1,DOT1L,"Similar to DOT1L: Histone-lysine N-methyltransferase, H3 lysine-79 specific (Homo sapiens OX=9606)",-14.09424681,0.024847231,Males
SLK063_ragtag_chr2.144878109,CarCarScaffG00000006236.1,SLK063_ragtag_chr2,144839131,144961751,1,144878109,introns,GMDS.1,GMDS,"Similar to GMDS: GDP-mannose 4,6 dehydratase (Cricetulus griseus OX=10029)",-14.37062449,0.033472123,Males
SLK063_ragtag_chr3.194411996,CarCarScaffG00000009363.1,SLK063_ragtag_chr3,194408036,194521611,10,194411996,introns,EFR3B.2,EFR3B,Similar to EFR3B: Protein EFR3 homolog B (Homo sapiens OX=9606),-14.37472185,0.033686887,Males
SLK063_ragtag_chr5.20509761,CarCarScaffG00000011252.1,SLK063_ragtag_chr5,20498095,20543858,1,20509761,introns,NA,NA,Protein of unknown function,-14.43255421,0.021932275,Males
SLK063_ragtag_chr1.318832525,CarCarScaffG00000004453.1,SLK063_ragtag_chr1,318774326,318846388,1,318832525,introns,LAMB4.1,LAMB4,Similar to LAMB4: Laminin subunit beta-4 (Homo sapiens OX=9606),-14.43461586,0.014759647,Males
SLK063_ragtag_chr5.41136627,CarCarScaffG00000011455.1,SLK063_ragtag_chr5,41131338,41133559,1,41136627,intergenic,MED18.1,MED18,Similar to Med18: Mediator of RNA polymerase II transcription subunit 18 (Mus musculus OX=10090),-14.45479641,0.045358274,Males
SLK063_ragtag_chr2.242553077,CarCarScaffG00000007182.1,SLK063_ragtag_chr2,242562371,242564881,1,242553077,intergenic,ZHX2.1,ZHX2,Similar to ZHX2: Zinc fingers and homeoboxes protein 2 (Homo sapiens OX=9606),-14.48238482,0.039500946,Males
SLK063_ragtag_chr1.217917124,CarCarScaffG00000003213.1,SLK063_ragtag_chr1,217876780,218041366,1,217917124,introns,TEAD4.1,TEAD4,Similar to TEAD4: Transcriptional enhancer factor TEF-3 (Gallus gallus OX=9031),-14.86549708,0.030576612,Males
SLK063_ragtag_chr2.69917928,CarCarScaffG00000005562.1,SLK063_ragtag_chr2,69749760,70013971,1,69917928,introns,ZNF385D.1,ZNF385D,Similar to Znf385d: Zinc finger protein 385D (Rattus norvegicus OX=10116),-14.88078046,0.014706853,Males
SLK063_ragtag_chr13.21314956,CarCarScaffG00000022122.1,SLK063_ragtag_chr13,21317171,21341476,1,21314956,intergenic,RHBDF2.1,RHBDF2,Similar to RHBDF2: Inactive rhomboid protein 2 (Canis lupus familiaris OX=9615),-14.91261641,0.030355409,Males
SLK063_ragtag_chr18.17813773,CarCarScaffG00000025240.1,SLK063_ragtag_chr18,17771309,17926763,2,17813773,introns,PRKCZ.1,PRKCZ,Similar to Prkcz: Protein kinase C zeta type (Rattus norvegicus OX=10116),-14.9721427,0.04951548,Males
SLK063_ragtag_chr6.15593442,CarCarScaffG00000012894.1,SLK063_ragtag_chr6,15575641,15602874,1,15593442,introns,RASSF8.1,RASSF8,Similar to RASSF8: Ras association domain-containing protein 8 (Homo sapiens OX=9606),-14.97326203,0.014769234,Males
SLK063_ragtag_chr6.51608377,CarCarScaffG00000013303.1,SLK063_ragtag_chr6,51573675,51755039,1,51608377,introns,AMBRA1.1,AMBRA1,Similar to AMBRA1: Activating molecule in BECN1-regulated autophagy protein 1 (Homo sapiens OX=9606),-14.99478259,0.018130168,Males
SLK063_ragtag_chr3.152529873,CarCarScaffG00000008999.1,SLK063_ragtag_chr3,152449285,152530806,1,152529873,introns,ZNF451.1,ZNF451,Similar to ZNF451: E3 SUMO-protein ligase ZNF451 (Homo sapiens OX=9606),-15.05037205,0.003515628,Males
SLK063_ragtag_chr1.43704870,CarCarScaffG00000001337.1,SLK063_ragtag_chr1,43621895,43757341,1,43704870,introns,FLT1.1,FLT1,Similar to FLT1: Vascular endothelial growth factor receptor 1 (Gallus gallus OX=9031),-15.06577314,0.028106662,Males
SLK063_ragtag_chr8.748575,CarCarScaffG00000015882.1,SLK063_ragtag_chr8,741857,742646,1,748575,intergenic,F12.1,F12,Similar to F12: Coagulation factor XII (Mus musculus OX=10090),-15.13149847,0.004027488,Males
SLK063_ragtag_chr1.13133244,CarCarScaffG00000001006.1,SLK063_ragtag_chr1,12975897,13156935,1,13133244,introns,GAB2.1,GAB2,Similar to GAB2: GRB2-associated-binding protein 2 (Homo sapiens OX=9606),-15.14512528,0.01482638,Males
SLK063_ragtag_chr3.101755175,CarCarScaffG00000008516.1,SLK063_ragtag_chr3,101645618,101782832,1,101755175,introns,NA,NA,Protein of unknown function,-15.1687185,0.030753355,Males
SLK063_ragtag_chr16.20415109,CarCarScaffG00000024279.1,SLK063_ragtag_chr16,20384292,20417606,1,20415109,introns,UAP1L1.1,UAP1L1,Similar to UAP1L1: UDP-N-acetylhexosamine pyrophosphorylase-like protein 1 (Homo sapiens OX=9606),-15.25471877,0.030387177,Males
SLK063_ragtag_chr2.45545994,CarCarScaffG00000005331.1,SLK063_ragtag_chr2,45206288,45702232,1,45545994,introns,CDK14.1,CDK14,Similar to CDK14: Cyclin-dependent kinase 14 (Homo sapiens OX=9606),-15.25644363,0.030559154,Males
SLK063_ragtag_chr10.83256316,CarCarScaffG00000019891.1,SLK063_ragtag_chr10,83266294,83307367,1,83256316,intergenic,RBBP6.1,RBBP6,Similar to RBBP6: E3 ubiquitin-protein ligase RBBP6 (Homo sapiens OX=9606),-15.26637555,0.034427411,Males
SLK063_ragtag_chr3.87776311,CarCarScaffG00000008387.1,SLK063_ragtag_chr3,87341892,88163287,1,87776311,introns,PRKN.1,PRKN,Similar to PRKN: E3 ubiquitin-protein ligase parkin (Homo sapiens OX=9606),-15.31662564,0.001357862,Males
SLK063_ragtag_chr3.194475186,CarCarScaffG00000009363.1,SLK063_ragtag_chr3,194408036,194521611,10,194475186,introns,EFR3B.8,EFR3B,Similar to EFR3B: Protein EFR3 homolog B (Homo sapiens OX=9606),-15.34368071,0.018794153,Males
SLK063_ragtag_chr7.104177741,CarCarScaffG00000015580.1,SLK063_ragtag_chr7,104087484,104180019,1,104177741,introns,CTBP2.1,CTBP2,Similar to CTBP2: C-terminal-binding protein 2 (Homo sapiens OX=9606),-15.47244423,0.028084028,Males
SLK063_ragtag_chr17.18442282,CarCarScaffG00000024691.1,SLK063_ragtag_chr17,18425416,18449572,1,18442282,exons,GGNBP2.1,GGNBP2,Similar to GGNBP2: Gametogenetin-binding protein 2 (Gallus gallus OX=9031),-15.52982633,0.02211414,Males
SLK063_ragtag_chr20.11294101,CarCarScaffG00000025936.1,SLK063_ragtag_chr20,11265627,11310605,1,11294101,exons,MICAL1.1,MICAL1,Similar to MICAL1: [F-actin]-monooxygenase MICAL1 (Homo sapiens OX=9606),-15.58058038,0.043452819,Males
SLK063_ragtag_chr25.2466321,CarCarScaffG00000027940.1,SLK063_ragtag_chr25,2450329,2463286,1,2466321,intergenic,TMEM161.1,TMEM161,Similar to tmem161: Transmembrane protein 161A (Xenopus tropicalis OX=8364),-15.6162465,0.016534231,Males
SLK063_ragtag_chr11.36659091,CarCarScaffG00000020337.1,SLK063_ragtag_chr11,36654729,36689966,1,36659091,introns,GPR155.1,GPR155,Similar to GPR155: Integral membrane protein GPR155 (Pongo abelii OX=9601),-15.72648507,0.030777381,Males
SLK063_ragtag_chr3.28078539,CarCarScaffG00000007768.1,SLK063_ragtag_chr3,28054475,28082410,1,28078539,introns,C2ORF73.1,C2ORF73,Similar to Uncharacterized protein C2orf73 homolog (Bos taurus OX=9913),-15.73690781,0.008089151,Males
SLK063_ragtag_chr12.16162959,CarCarScaffG00000021089.1,SLK063_ragtag_chr12,16157416,16488770,1,16162959,introns,ZNF423.1,ZNF423,Similar to Znf423: Zinc finger protein 423 (Mus musculus OX=10090),-15.8008658,0.005063569,Males
SLK063_ragtag_chr2.185486325,CarCarScaffG00000006647.1,SLK063_ragtag_chr2,185481200,185494797,1,185486325,introns,PSMA7L.1,PSMA7L,Similar to PSMA7L: Proteasome subunit alpha type-7-like (Macaca fascicularis OX=9541),-15.82556936,0.029209661,Males
SLK063_ragtag_chr6.82195389,CarCarScaffG00000013733.1,SLK063_ragtag_chr6,82166209,82225361,1,82195389,introns,YLPM1.1,YLPM1,Similar to YLPM1: YLP motif-containing protein 1 (Homo sapiens OX=9606),-15.83679478,0.005384987,Males
SLK063_ragtag_chr17.16079335,CarCarScaffG00000024650.1,SLK063_ragtag_chr17,16083035,16083895,1,16079335,intergenic,NA,NA,Similar to Transposon TX1 uncharacterized 149 kDa protein (Xenopus laevis OX=8355),-15.89740374,0.034752391,Males
SLK063_ragtag_chr1.237417562,CarCarScaffG00000003417.1,SLK063_ragtag_chr1,237397365,237424541,1,237417562,introns,MGST1.1,MGST1,Similar to MGST1: Microsomal glutathione S-transferase 1 (Sus scrofa OX=9823),-16.06727453,0.020955949,Males
SLK063_ragtag_chr10.34187102,CarCarScaffG00000019102.1,SLK063_ragtag_chr10,34138273,34286229,1,34187102,introns,TBC1D2B.1,TBC1D2B,Similar to TBC1D2B: TBC1 domain family member 2B (Homo sapiens OX=9606),-16.07191133,0.006604321,Males
SLK063_ragtag_chr3.194459348,CarCarScaffG00000009363.1,SLK063_ragtag_chr3,194408036,194521611,10,194459348,introns,EFR3B.6,EFR3B,Similar to EFR3B: Protein EFR3 homolog B (Homo sapiens OX=9606),-16.1119711,0.014927532,Males
SLK063_ragtag_chr6.12500907,CarCarScaffG00000012852.1,SLK063_ragtag_chr6,12472475,12594663,1,12500907,introns,B4GALNT4.1,B4GALNT4,Similar to B4GALNT4: N-acetyl-beta-glucosaminyl-glycoprotein 4-beta-N-acetylgalactosaminyltransferase 1 (Homo sapiens OX=9606),-16.29209622,0.038995127,Males
SLK063_ragtag_chr16.10408663,CarCarScaffG00000024102.1,SLK063_ragtag_chr16,10381276,10472854,2,10408663,introns,NTNG2.1,NTNG2,Similar to NTNG2: Netrin-G2 (Homo sapiens OX=9606),-16.29518005,0.010542451,Males
SLK063_ragtag_chr3.128743210,CarCarScaffG00000008800.1,SLK063_ragtag_chr3,128718673,128802019,1,128743210,introns,CRYBG1.1,CRYBG1,Similar to CRYBG1: Beta/gamma crystallin domain-containing protein 1 (Homo sapiens OX=9606),-16.35660343,0.027704167,Males
SLK063_ragtag_chr20.9089815,CarCarScaffG00000025884.1,SLK063_ragtag_chr20,9030798,9119080,5,9089815,introns,FOXP4.5,FOXP4,Similar to FOXP4: Forkhead box protein P4 (Homo sapiens OX=9606),-16.71729078,0.005054491,Males
SLK063_ragtag_chr1.107158813,CarCarScaffG00000001911.1,SLK063_ragtag_chr1,107086748,107485743,1,107158813,introns,PCCA.1,PCCA,"Similar to Pcca: Propionyl-CoA carboxylase alpha chain, mitochondrial (Mus musculus OX=10090)",-16.78006804,0.03889429,Males
SLK063_ragtag_chr22.16759578,CarCarScaffG00000027112.1,SLK063_ragtag_chr22,16739730,16773159,1,16759578,exons,DAP3.1,DAP3,"Similar to DAP3: 28S ribosomal protein S29, mitochondrial (Homo sapiens OX=9606)",-16.80488187,0.047229341,Males
SLK063_ragtag_chr2.147949773,CarCarScaffG00000006273.1,SLK063_ragtag_chr2,147930252,147952408,1,147949773,introns,NA,NA,Protein of unknown function,-16.93144258,0.016784151,Males
SLK063_ragtag_chr13.2347048,CarCarScaffG00000021610.1,SLK063_ragtag_chr13,2335079,2342566,1,2347048,intergenic,NA,NA,Protein of unknown function,-17.0108474,0.005843882,Males
SLK063_ragtag_chr5.63890800,CarCarScaffG00000011662.1,SLK063_ragtag_chr5,63846912,64136120,6,63890800,introns,CAMK4.2,CAMK4,Similar to CAMK4: Calcium/calmodulin-dependent protein kinase type IV (Homo sapiens OX=9606),-17.06195992,0.012142202,Males
SLK063_ragtag_chr27.7115301,CarCarScaffG00000029358.1,SLK063_ragtag_chr27,7115830,7124163,1,7115301,intergenic,NA,NA,Protein of unknown function,-17.10815047,0.020238921,Males
SLK063_ragtag_chr5.28676117,CarCarScaffG00000011327.1,SLK063_ragtag_chr5,28685136,28685348,1,28676117,intergenic,NA,NA,Protein of unknown function,-17.12199524,0.039450283,Males
SLK063_ragtag_chr6.14587244,CarCarScaffG00000012879.1,SLK063_ragtag_chr6,14574874,14586241,1,14587244,promoters,C11ORF24.1,C11ORF24,Similar to Uncharacterized protein C11orf24 homolog (Rattus norvegicus OX=10116),-17.12897175,0.042161227,Males
SLK063_ragtag_chr13.34113053,CarCarScaffG00000022370.1,SLK063_ragtag_chr13,34042710,34152864,1,34113053,introns,SDK2.1,SDK2,Similar to SDK2: Protein sidekick-2 (Gallus gallus OX=9031),-17.14250467,0.048994261,Males
SLK063_ragtag_chr28.5587666,CarCarScaffG00000029881.1,SLK063_ragtag_chr28,5592320,5627590,1,5587666,intergenic,ZNF300.1,ZNF300,Similar to ZNF300: Zinc finger protein 300 (Homo sapiens OX=9606),-17.19335268,0.018193376,Males
SLK063_ragtag_chr6.50453222,CarCarScaffG00000013285.1,SLK063_ragtag_chr6,50279048,50583158,1,50453222,introns,TMEM263.1,TMEM263,Similar to TMEM263: Transmembrane protein 263 (Gallus gallus OX=9031),-17.22558876,0.036358852,Males
SLK063_ragtag_chr1.21304040,CarCarScaffG00000001073.1,SLK063_ragtag_chr1,21303888,21304457,1,21304040,promoters,ZBED5.1,ZBED5,Similar to ZBED5: Zinc finger BED domain-containing protein 5 (Canis lupus familiaris OX=9615),-17.34218814,0.008287285,Males
SLK063_ragtag_chr5.63890969,CarCarScaffG00000011662.1,SLK063_ragtag_chr5,63846912,64136120,6,63890969,introns,CAMK4.3,CAMK4,Similar to CAMK4: Calcium/calmodulin-dependent protein kinase type IV (Homo sapiens OX=9606),-17.44165919,0.044250049,Males
SLK063_ragtag_chr5.42484337,CarCarScaffG00000011476.1,SLK063_ragtag_chr5,42435026,42496759,1,42484337,introns,NA,NA,Protein of unknown function,-17.48849754,0.014929626,Males
SLK063_ragtag_chr6.19064829,CarCarScaffG00000012941.1,SLK063_ragtag_chr6,19050696,19092047,1,19064829,introns,MOB2.1,MOB2,Similar to Mob2: MOB kinase activator 2 (Mus musculus OX=10090),-17.49119383,0.019367603,Males
SLK063_ragtag_chr19.9700447,CarCarScaffG00000025532.1,SLK063_ragtag_chr19,9695879,9724748,1,9700447,introns,CNKSR1.1,CNKSR1,Similar to CNKSR1: Connector enhancer of kinase suppressor of ras 1 (Homo sapiens OX=9606),-17.5016748,0.031082474,Males
SLK063_ragtag_chr3.194420491,CarCarScaffG00000009363.1,SLK063_ragtag_chr3,194408036,194521611,10,194420491,introns,EFR3B.3,EFR3B,Similar to EFR3B: Protein EFR3 homolog B (Homo sapiens OX=9606),-17.63056093,0.024682411,Males
SLK063_ragtag_chr3.111458035,CarCarScaffG00000008623.1,SLK063_ragtag_chr3,111309762,111786010,1,111458035,introns,LAMA2.1,LAMA2,Similar to Lama2: Laminin subunit alpha-2 (Mus musculus OX=10090),-17.67535692,0.042778672,Males
SLK063_ragtag_chr1.176778651,CarCarScaffG00000002625.1,SLK063_ragtag_chr1,176770760,176771188,1,176778651,intergenic,FAM200A.1,FAM200A,Similar to FAM200A: Protein FAM200A (Macaca fascicularis OX=9541),-17.70892019,0.017770846,Males
SLK063_ragtag_chr2.194906909,CarCarScaffG00000006725.1,SLK063_ragtag_chr2,194837937,194978829,1,194906909,introns,RB1CC1.1,RB1CC1,Similar to RB1CC1: RB1-inducible coiled-coil protein 1 (Homo sapiens OX=9606),-17.71170006,0.033787749,Males
SLK063_ragtag_chr6.82861841,CarCarScaffG00000013750.1,SLK063_ragtag_chr6,82764040,82973598,1,82861841,introns,TTLL5.1,TTLL5,Similar to Ttll5: Tubulin polyglutamylase TTLL5 (Mus musculus OX=10090),-17.73255814,0.045819739,Males
SLK063_ragtag_chr3.194410750,CarCarScaffG00000009363.1,SLK063_ragtag_chr3,194408036,194521611,10,194410750,introns,EFR3B.1,EFR3B,Similar to EFR3B: Protein EFR3 homolog B (Homo sapiens OX=9606),-17.74804001,0.031779168,Males
SLK063_ragtag_chr10.40289058,CarCarScaffG00000019227.1,SLK063_ragtag_chr10,40249219,40293421,1,40289058,introns,DUOX2.1,DUOX2,Similar to DUOX2: Dual oxidase 2 (Homo sapiens OX=9606),-17.84781952,0.031992862,Males
SLK063_ragtag_chr8.36831944,CarCarScaffG00000016373.1,SLK063_ragtag_chr8,36810244,36861593,1,36831944,introns,SLC4A4.1,SLC4A4,Similar to SLC4A4: Electrogenic sodium bicarbonate cotransporter 1 (Ambystoma tigrinum OX=8305),-17.88762447,0.028159103,Males
SLK063_ragtag_chr3.186909459,CarCarScaffG00000009270.1,SLK063_ragtag_chr3,186884629,186912541,1,186909459,introns,CYP2K4.1,CYP2K4,Similar to cyp2k4: Cytochrome P450 2K4 (Oncorhynchus mykiss OX=8022),-17.88976378,0.049640003,Males
SLK063_ragtag_chr2.255600255,CarCarScaffG00000007280.1,SLK063_ragtag_chr2,255219690,255675889,1,255600255,introns,TSNARE1.2,TSNARE1,Similar to TSNARE1: t-SNARE domain-containing protein 1 (Homo sapiens OX=9606),-17.89340102,0.012612129,Males
SLK063_ragtag_chr1.341551648,CarCarScaffG00000004669.1,SLK063_ragtag_chr1,341544494,341754847,1,341551648,introns,AHCYL2.1,AHCYL2,Similar to AHCYL2: Adenosylhomocysteinase 3 (Homo sapiens OX=9606),-17.89977866,0.019549735,Males
SLK063_ragtag_chr17.22700420,CarCarScaffG00000024775.1,SLK063_ragtag_chr17,22629782,22693146,1,22700420,intergenic,SEZ6.1,SEZ6,Similar to SEZ6: Seizure protein 6 homolog (Homo sapiens OX=9606),-17.90328535,0.048475306,Males
SLK063_ragtag_chr10.20838463,CarCarScaffG00000018942.1,SLK063_ragtag_chr10,20662454,20879350,2,20838463,introns,FBN1.2,FBN1,Similar to FBN1: Fibrillin-1 (Bos taurus OX=9913),-17.9048583,0.036538058,Males
SLK063_ragtag_chr7.121178468,CarCarScaffG00000015746.1,SLK063_ragtag_chr7,121163330,121175903,1,121178468,intergenic,INA.1,INA,Similar to INA: Alpha-internexin (Homo sapiens OX=9606),-17.94117647,0.009002457,Males
SLK063_ragtag_chr3.194508206,CarCarScaffG00000009363.1,SLK063_ragtag_chr3,194408036,194521611,10,194508206,introns,EFR3B.10,EFR3B,Similar to EFR3B: Protein EFR3 homolog B (Homo sapiens OX=9606),-17.96153846,0.043067023,Males
SLK063_ragtag_chr3.121239651,CarCarScaffG00000008724.1,SLK063_ragtag_chr3,121091876,121329450,1,121239651,introns,NT5DC1.1,NT5DC1,Similar to NT5DC1: 5'-nucleotidase domain-containing protein 1 (Homo sapiens OX=9606),-18.01145426,0.021155959,Males
SLK063_ragtag_chr16.18197421,CarCarScaffG00000024242.1,SLK063_ragtag_chr16,18088714,18198219,1,18197421,introns,WHRN.1,WHRN,Similar to Whrn: Whirlin (Mus musculus OX=10090),-18.05527019,0.048269417,Males
SLK063_ragtag_chr9.56953528,CarCarScaffG00000018025.1,SLK063_ragtag_chr9,56433659,57262126,1,56953528,introns,DIAPH2.1,DIAPH2,Similar to DIAPH2: Protein diaphanous homolog 2 (Homo sapiens OX=9606),-18.18351411,0.005335616,Males
SLK063_ragtag_chr23.5875557,CarCarScaffG00000027223.1,SLK063_ragtag_chr23,5855776,5878984,1,5875557,introns,COL6A6.1,COL6A6,Similar to COL6A6: Collagen alpha-6(VI) chain (Homo sapiens OX=9606),-18.25041678,0.007614138,Males
SLK063_ragtag_chr8.29763127,CarCarScaffG00000016300.1,SLK063_ragtag_chr8,29623494,29925357,1,29763127,introns,SLIT3.1,SLIT3,Similar to Slit3: Slit homolog 3 protein (Mus musculus OX=10090),-18.27298385,0.026229447,Males
SLK063_ragtag_chr9.49794454,CarCarScaffG00000017928.1,SLK063_ragtag_chr9,49728243,49840423,2,49794454,introns,DGKB.1,DGKB,Similar to DGKB: Diacylglycerol kinase beta (Homo sapiens OX=9606),-18.36889521,0.006807327,Males
SLK063_ragtag_chr10.43422463,CarCarScaffG00000019273.1,SLK063_ragtag_chr10,43429820,43430272,1,43422463,intergenic,NA,NA,Similar to Transposon TX1 uncharacterized 149 kDa protein (Xenopus laevis OX=8355),-18.37250294,0.035890919,Males
SLK063_ragtag_chr24.4286075,CarCarScaffG00000027610.1,SLK063_ragtag_chr24,4257800,4306007,1,4286075,introns,PLXDC1.1,PLXDC1,Similar to PLXDC1: Plexin domain-containing protein 1 (Homo sapiens OX=9606),-18.42112838,0.030582403,Males
SLK063_ragtag_chr3.194447119,CarCarScaffG00000009363.1,SLK063_ragtag_chr3,194408036,194521611,10,194447119,introns,EFR3B.5,EFR3B,Similar to EFR3B: Protein EFR3 homolog B (Homo sapiens OX=9606),-18.44362123,0.000459341,Males
SLK063_ragtag_chr13.13657652,CarCarScaffG00000022036.1,SLK063_ragtag_chr13,13656282,13659413,1,13657652,introns,NA,NA,Protein of unknown function,-18.53824238,0.048907709,Males
SLK063_ragtag_chr12.38197879,CarCarScaffG00000021317.1,SLK063_ragtag_chr12,38113708,38226972,1,38197879,introns,ZFPM1.1,ZFPM1,Similar to zfpm1: Zinc finger protein ZFPM1 (Fragment) (Xenopus laevis OX=8355),-18.55170701,0.033642932,Males
SLK063_ragtag_chr20.9077104,CarCarScaffG00000025884.1,SLK063_ragtag_chr20,9030798,9119080,5,9077104,introns,FOXP4.4,FOXP4,Similar to FOXP4: Forkhead box protein P4 (Homo sapiens OX=9606),-18.60126275,0.042240188,Males
SLK063_ragtag_chr6.15955980,CarCarScaffG00000012903.1,SLK063_ragtag_chr6,15940700,15984505,1,15955980,introns,DEAF1.1,DEAF1,Similar to Deaf1: Deformed epidermal autoregulatory factor 1 homolog (Rattus norvegicus OX=10116),-18.61135759,0.010569996,Males
SLK063_ragtag_chr10.72400214,CarCarScaffG00000019694.1,SLK063_ragtag_chr10,72359562,72397822,1,72400214,intergenic,ADAP1.1,ADAP1,Similar to ADAP1: Arf-GAP with dual PH domain-containing protein 1 (Homo sapiens OX=9606),-18.63883848,0.027522633,Males
SLK063_ragtag_chr24.11244512,CarCarScaffG00000027779.1,SLK063_ragtag_chr24,11242090,11242545,1,11244512,intergenic,NA,NA,Protein of unknown function,-18.75699888,0.01419396,Males
SLK063_ragtag_chr3.89958650,CarCarScaffG00000008409.1,SLK063_ragtag_chr3,89924231,89978332,1,89958650,introns,SYTL3.1,SYTL3,Similar to SYTL3: Synaptotagmin-like protein 3 (Homo sapiens OX=9606),-18.87933959,0.049394583,Males
SLK063_ragtag_chr18.17948281,CarCarScaffG00000025242.1,SLK063_ragtag_chr18,17931001,17939211,1,17948281,intergenic,FAAP20.1,FAAP20,Similar to FAAP20: Fanconi anemia core complex-associated protein 20 (Bos taurus OX=9913),-18.96696891,0.026028215,Males
SLK063_ragtag_chr14.32861926,CarCarScaffG00000023001.1,SLK063_ragtag_chr14,32857996,32859021,1,32861926,intergenic,OLFR1020.1,OLFR1020,Similar to Olfr1020: Olfactory receptor 1020 (Mus musculus OX=10090),-18.98113873,0.037064467,Males
SLK063_ragtag_chr20.7058070,CarCarScaffG00000025830.1,SLK063_ragtag_chr20,7015090,7063953,1,7058070,introns,CNTN2.1,CNTN2,Similar to CNTN2: Contactin-2 (Gallus gallus OX=9031),-19.09555696,0.024380901,Males
SLK063_ragtag_chr10.20750395,CarCarScaffG00000018942.1,SLK063_ragtag_chr10,20662454,20879350,2,20750395,introns,FBN1.1,FBN1,Similar to FBN1: Fibrillin-1 (Bos taurus OX=9913),-19.16589356,0.019117225,Males
SLK063_ragtag_chr6.103293013,CarCarScaffG00000013942.1,SLK063_ragtag_chr6,103287650,103298619,1,103293013,introns,HSP90AA1.1,HSP90AA1,Similar to HSP90AA1: Heat shock protein HSP 90-alpha (Gallus gallus OX=9031),-19.20634921,0.007315365,Males
SLK063_ragtag_chr5.29073544,CarCarScaffG00000011333.1,SLK063_ragtag_chr5,29038186,29065929,1,29073544,intergenic,NA,NA,Protein of unknown function,-19.22236413,0.001542085,Males
SLK063_ragtag_chr1.286414174,CarCarScaffG00000004161.1,SLK063_ragtag_chr1,286408407,286491414,1,286414174,introns,TBC1D30.1,TBC1D30,Similar to TBC1D30: TBC1 domain family member 30 (Homo sapiens OX=9606),-19.28485335,0.015956505,Males
SLK063_ragtag_chr1.167020465,CarCarScaffG00000002484.1,SLK063_ragtag_chr1,167000735,167035841,1,167020465,introns,TMPRSS3.1,TMPRSS3,Similar to Tmprss3: Transmembrane protease serine 3 (Mus musculus OX=10090),-19.31032427,0.032364263,Males
SLK063_ragtag_chr1.259273809,CarCarScaffG00000003778.1,SLK063_ragtag_chr1,259235099,259278988,1,259273809,introns,ADSL.1,ADSL,Similar to ADSL: Adenylosuccinate lyase (Gallus gallus OX=9031),-19.48506039,0.00750099,Males
SLK063_ragtag_chr2.65542447,CarCarScaffG00000005525.1,SLK063_ragtag_chr2,65477027,65672400,1,65542447,introns,CHN2.1,CHN2,Similar to CHN2: Beta-chimaerin (Homo sapiens OX=9606),-19.53488372,0.018844432,Males
SLK063_ragtag_chr20.9279648,CarCarScaffG00000025886.1,SLK063_ragtag_chr20,9269845,9270507,1,9279648,intergenic,NA,NA,Similar to Retrovirus-related Pol polyprotein from type-1 retrotransposable element R2 (Fragment) (Nasonia vitripennis OX=7425),-19.57850708,0.036758036,Males
SLK063_ragtag_chr3.194497095,CarCarScaffG00000009363.1,SLK063_ragtag_chr3,194408036,194521611,10,194497095,introns,EFR3B.9,EFR3B,Similar to EFR3B: Protein EFR3 homolog B (Homo sapiens OX=9606),-19.90740741,0.025954242,Males
SLK063_ragtag_chr8.3063182,CarCarScaffG00000015947.1,SLK063_ragtag_chr8,3053528,3132704,1,3063182,introns,CLINT1.1,CLINT1,Similar to CLINT1: Clathrin interactor 1 (Homo sapiens OX=9606),-20.00283259,0.00949956,Males
SLK063_ragtag_chr15.18439284,CarCarScaffG00000023592.1,SLK063_ragtag_chr15,18400123,18432065,1,18439284,intergenic,PPM1F.1,PPM1F,Similar to PPM1F: Protein phosphatase 1F (Homo sapiens OX=9606),-20.0286123,0.0453699,Males
SLK063_ragtag_chr20.9044645,CarCarScaffG00000025884.1,SLK063_ragtag_chr20,9030798,9119080,5,9044645,introns,FOXP4.2,FOXP4,Similar to FOXP4: Forkhead box protein P4 (Homo sapiens OX=9606),-20.0499724,0.003896381,Males
SLK063_ragtag_chr18.16256865,CarCarScaffG00000025204.1,SLK063_ragtag_chr18,16156483,16328787,2,16256865,introns,DVL1.2,DVL1,Similar to DVL1: Segment polarity protein dishevelled homolog DVL-1 (Homo sapiens OX=9606),-20.14369106,0.032453197,Males
SLK063_ragtag_chr5.64018940,CarCarScaffG00000011662.1,SLK063_ragtag_chr5,63846912,64136120,6,64018940,introns,CAMK4.5,CAMK4,Similar to CAMK4: Calcium/calmodulin-dependent protein kinase type IV (Homo sapiens OX=9606),-20.19963702,0.015309018,Males
SLK063_ragtag_chr7.43412107,CarCarScaffG00000014881.1,SLK063_ragtag_chr7,43400435,43457129,1,43412107,introns,NT5DC2.1,NT5DC2,Similar to Nt5dc2: 5'-nucleotidase domain-containing protein 2 (Rattus norvegicus OX=10116),-20.19995108,0.047229341,Males
SLK063_ragtag_chr6.67330369,CarCarScaffG00000013563.1,SLK063_ragtag_chr6,67130954,67365291,1,67330369,introns,RYR3.1,RYR3,Similar to RYR3: Ryanodine receptor 3 (Homo sapiens OX=9606),-20.26806527,0.036774851,Males
SLK063_ragtag_chr12.5683170,CarCarScaffG00000020945.1,SLK063_ragtag_chr12,5598153,5673841,1,5683170,intergenic,NDRG4.1,NDRG4,Similar to ndrg4: Protein NDRG4 (Xenopus tropicalis OX=8364),-20.28252161,0.039991446,Males
SLK063_ragtag_chr2.219685861,CarCarScaffG00000006973.1,SLK063_ragtag_chr2,219677859,219737645,1,219685861,introns,PIP4P2.1,PIP4P2,"Similar to PIP4P2: Type 2 phosphatidylinositol 4,5-bisphosphate 4-phosphatase (Homo sapiens OX=9606)",-20.33604712,0.045302676,Males
SLK063_ragtag_chr8.99488946,CarCarScaffG00000017182.1,SLK063_ragtag_chr8,99453518,99526889,1,99488946,introns,ELAVL4.1,ELAVL4,Similar to Elavl4: ELAV-like protein 4 (Mus musculus OX=10090),-20.34658512,0.034058084,Males
SLK063_ragtag_chr3.95945909,CarCarScaffG00000008463.1,SLK063_ragtag_chr3,95945777,96038276,1,95945909,exons,PLEKHG1.1,PLEKHG1,Similar to PLEKHG1: Pleckstrin homology domain-containing family G member 1 (Homo sapiens OX=9606),-20.48931384,0.038383948,Males
SLK063_ragtag_chr4.125388537,CarCarScaffG00000010770.1,SLK063_ragtag_chr4,125373608,125476116,1,125388537,introns,FAM193A.1,FAM193A,Similar to Fam193a: Protein FAM193A (Mus musculus OX=10090),-20.52572075,0.045382717,Males
SLK063_ragtag_chr7.18543799,CarCarScaffG00000014387.1,SLK063_ragtag_chr7,18514359,18715552,2,18543799,introns,SRGAP3.2,SRGAP3,Similar to SRGAP3: SLIT-ROBO Rho GTPase-activating protein 3 (Homo sapiens OX=9606),-20.59729509,0.022084959,Males
SLK063_ragtag_chr11.19164224,CarCarScaffG00000020157.1,SLK063_ragtag_chr11,19111036,19168937,1,19164224,introns,CDK15.1,CDK15,Similar to CDK15: Cyclin-dependent kinase 15 (Homo sapiens OX=9606),-20.62848862,0.044763875,Males
SLK063_ragtag_chr19.5979508,CarCarScaffG00000025418.1,SLK063_ragtag_chr19,5876113,5978290,1,5979508,promoters,COL16A1.1,COL16A1,Similar to Col16a1: Collagen alpha-1(XVI) chain (Mus musculus OX=10090),-20.66146414,0.025188692,Males
SLK063_ragtag_chr3.194421079,CarCarScaffG00000009363.1,SLK063_ragtag_chr3,194408036,194521611,10,194421079,introns,EFR3B.4,EFR3B,Similar to EFR3B: Protein EFR3 homolog B (Homo sapiens OX=9606),-20.6749772,0.013325381,Males
SLK063_ragtag_chr6.313629,CarCarScaffG00000012289.1,SLK063_ragtag_chr6,313592,315292,1,313629,promoters,NA,NA,Protein of unknown function,-20.69555577,0.038173002,Males
SLK063_ragtag_chr19.15708890,CarCarScaffG00000025642.1,SLK063_ragtag_chr19,15640503,15845449,1,15708890,introns,NKAIN1.1,NKAIN1,Similar to NKAIN1: Sodium/potassium-transporting ATPase subunit beta-1-interacting protein 1 (Homo sapiens OX=9606),-20.72224791,0.008361226,Males
SLK063_ragtag_chr3.732259,CarCarScaffG00000007445.1,SLK063_ragtag_chr3,734617,734979,1,732259,intergenic,NA,NA,Protein of unknown function,-20.93714874,0.002758109,Males
SLK063_ragtag_chr1.226675654,CarCarScaffG00000003308.1,SLK063_ragtag_chr1,226670552,226671430,1,226675654,intergenic,NA,NA,Protein of unknown function,-20.94573643,0.031817706,Males
SLK063_ragtag_chr5.63883943,CarCarScaffG00000011662.1,SLK063_ragtag_chr5,63846912,64136120,6,63883943,introns,CAMK4.1,CAMK4,Similar to CAMK4: Calcium/calmodulin-dependent protein kinase type IV (Homo sapiens OX=9606),-21.02612757,0.000284055,Males
SLK063_ragtag_chr4.145693853,CarCarScaffG00000011046.1,SLK063_ragtag_chr4,145683932,145832936,1,145693853,introns,SEMA4F.1,SEMA4F,Similar to SEMA4F: Semaphorin-4F (Homo sapiens OX=9606),-21.08561689,0.009026182,Males
SLK063_ragtag_chr12.30103517,CarCarScaffG00000021222.1,SLK063_ragtag_chr12,30037068,30241841,1,30103517,introns,WWOX.1,WWOX,Similar to WWOX: WW domain-containing oxidoreductase (Gallus gallus OX=9031),-21.08950667,0.007722648,Males
SLK063_ragtag_chr9.49812898,CarCarScaffG00000017928.1,SLK063_ragtag_chr9,49728243,49840423,2,49812898,introns,DGKB.2,DGKB,Similar to DGKB: Diacylglycerol kinase beta (Homo sapiens OX=9606),-21.12355945,0.034525848,Males
SLK063_ragtag_chr3.141448280,CarCarScaffG00000008901.1,SLK063_ragtag_chr3,141317691,141453156,1,141448280,introns,GABRR2.1,GABRR2,Similar to GABRR2: Gamma-aminobutyric acid receptor subunit rho-2 (Bos taurus OX=9913),-21.12705039,0.041318418,Males
SLK063_ragtag_chr2.18476600,CarCarScaffG00000005089.1,SLK063_ragtag_chr2,18228068,18625115,1,18476600,introns,DPP6.1,DPP6,Similar to DPP6: Dipeptidyl aminopeptidase-like protein 6 (Pan troglodytes OX=9598),-21.15117015,0.039975065,Males
SLK063_ragtag_chr14.27365891,CarCarScaffG00000022913.1,SLK063_ragtag_chr14,27130206,27428179,2,27365891,introns,RALY.2,RALY,Similar to Raly: RNA-binding protein Raly (Mus musculus OX=10090),-21.27740948,0.023804752,Males
SLK063_ragtag_chr6.90000304,CarCarScaffG00000013812.1,SLK063_ragtag_chr6,90000297,90002282,1,90000304,promoters,FLRT2.1,FLRT2,Similar to FLRT2: Leucine-rich repeat transmembrane protein FLRT2 (Homo sapiens OX=9606),-21.32318683,0.038620302,Males
SLK063_ragtag_chr8.15661607,CarCarScaffG00000016150.1,SLK063_ragtag_chr8,15650471,15711579,1,15661607,introns,SEPTIN8.1,SEPTIN8,Similar to SEPTIN8: Septin-8 (Bos taurus OX=9913),-21.33685457,0.043022656,Males
SLK063_ragtag_chr15.4558243,CarCarScaffG00000023386.1,SLK063_ragtag_chr15,4541986,4572250,1,4558243,introns,SVOP.1,SVOP,Similar to SVOP: Synaptic vesicle 2-related protein (Bos taurus OX=9913),-21.35462881,0.046531235,Males
SLK063_ragtag_chr5.128812334,CarCarScaffG00000012270.1,SLK063_ragtag_chr5,128742338,128854875,1,128812334,introns,NA,NA,Protein of unknown function,-21.47779008,0.007813846,Males
SLK063_ragtag_chr18.16233152,CarCarScaffG00000025204.1,SLK063_ragtag_chr18,16156483,16328787,2,16233152,introns,DVL1.1,DVL1,Similar to DVL1: Segment polarity protein dishevelled homolog DVL-1 (Homo sapiens OX=9606),-21.53017679,0.017044036,Males
SLK063_ragtag_chr6.101658652,CarCarScaffG00000013929.1,SLK063_ragtag_chr6,101657089,101671909,1,101658652,introns,SLC25A47.1,SLC25A47,Similar to Slc25a47: Solute carrier family 25 member 47 (Mus musculus OX=10090),-21.56060606,0.044667583,Males
SLK063_ragtag_chr24.2467294,CarCarScaffG00000027539.1,SLK063_ragtag_chr24,2469469,2475267,1,2467294,intergenic,KRT19.1,KRT19,"Similar to KRT19: Keratin, type I cytoskeletal 19 (Gallus gallus OX=9031)",-21.57001414,0.043231038,Males
SLK063_ragtag_chr5.63641814,CarCarScaffG00000011658.1,SLK063_ragtag_chr5,63648525,63649202,1,63641814,intergenic,NA,NA,Protein of unknown function,-21.63241232,0.001114336,Males
SLK063_ragtag_chr1.329816231,CarCarScaffG00000004545.1,SLK063_ragtag_chr1,329771664,329830054,1,329816231,exons,GRM3.1,GRM3,Similar to Grm3: Metabotropic glutamate receptor 3 (Rattus norvegicus OX=10116),-21.64955803,0.002973262,Males
SLK063_ragtag_chr1.165260430,CarCarScaffG00000002456.1,SLK063_ragtag_chr1,165247434,165267992,1,165260430,introns,ICOSLG.1,ICOSLG,Similar to ICOSLG: ICOS ligand (Homo sapiens OX=9606),-21.7245839,0.028375415,Males
SLK063_ragtag_chr18.5956863,CarCarScaffG00000025016.1,SLK063_ragtag_chr18,5914505,5953389,1,5956863,intergenic,ZBTB17.1,ZBTB17,Similar to ZBTB17: Zinc finger and BTB domain-containing protein 17 (Homo sapiens OX=9606),-21.80580249,0.003555618,Males
SLK063_ragtag_chr1.259542895,CarCarScaffG00000003784.1,SLK063_ragtag_chr1,259544822,259545529,1,259542895,intergenic,MCHR1.1,MCHR1,Similar to Mchr1: Melanin-concentrating hormone receptor 1 (Mus musculus OX=10090),-21.90471251,0.005427029,Males
SLK063_ragtag_chr8.86582327,CarCarScaffG00000017008.1,SLK063_ragtag_chr8,86451867,87049868,1,86582327,introns,NEGR1.1,NEGR1,Similar to NEGR1: Neuronal growth regulator 1 (Homo sapiens OX=9606),-21.92223037,0.030846529,Males
SLK063_ragtag_chr1.5139275,CarCarScaffG00000000903.1,SLK063_ragtag_chr1,5131594,5177969,1,5139275,introns,STARD10.1,STARD10,Similar to Stard10: START domain-containing protein 10 (Mus musculus OX=10090),-22.0188902,0.010884165,Males
SLK063_ragtag_chr17.8509520,CarCarScaffG00000024559.1,SLK063_ragtag_chr17,8502261,8654523,1,8509520,introns,SPNS2.1,SPNS2,Similar to SPNS2: Protein spinster homolog 2 (Homo sapiens OX=9606),-22.01916735,0.044463307,Males
SLK063_ragtag_chr7.18543781,CarCarScaffG00000014387.1,SLK063_ragtag_chr7,18514359,18715552,2,18543781,introns,SRGAP3.1,SRGAP3,Similar to SRGAP3: SLIT-ROBO Rho GTPase-activating protein 3 (Homo sapiens OX=9606),-22.05917216,0.005290662,Males
SLK063_ragtag_chr17.4199105,CarCarScaffG00000024485.1,SLK063_ragtag_chr17,4083046,4317990,1,4199105,introns,TMEM132E.1,TMEM132E,Similar to TMEM132E: Transmembrane protein 132E (Homo sapiens OX=9606),-22.06164165,0.037221462,Males
SLK063_ragtag_chr23.14790625,CarCarScaffG00000027361.1,SLK063_ragtag_chr23,14745128,14789061,1,14790625,intergenic,SLK.1,SLK,Similar to Slk: STE20-like serine/threonine-protein kinase (Rattus norvegicus OX=10116),-22.09302326,0.018652499,Males
SLK063_ragtag_chr24.10566999,CarCarScaffG00000027771.1,SLK063_ragtag_chr24,10411976,10584422,1,10566999,introns,ITGB3.1,ITGB3,Similar to ITGB3: Integrin beta-3 (Homo sapiens OX=9606),-22.13662791,0.042825815,Males
SLK063_ragtag_chr1.113976953,CarCarScaffG00000001964.1,SLK063_ragtag_chr1,113639415,114231842,1,113976953,introns,MYO16.1,MYO16,Similar to MYO16: Unconventional myosin-XVI (Homo sapiens OX=9606),-22.26287846,0.014845014,Males
SLK063_ragtag_chr25.13123077,CarCarScaffG00000028238.1,SLK063_ragtag_chr25,13115188,13135472,1,13123077,introns,GRAMD2A.1,GRAMD2A,Similar to Gramd2a: GRAM domain-containing protein 2A (Mus musculus OX=10090),-22.32832182,0.012168458,Males
SLK063_ragtag_chr4.109569296,CarCarScaffG00000010624.1,SLK063_ragtag_chr4,109521083,109581936,1,109569296,introns,CCDC149.1,CCDC149,Similar to CCDC149: Coiled-coil domain-containing protein 149 (Homo sapiens OX=9606),-22.37484737,0.040666707,Males
SLK063_ragtag_chr16.8807956,CarCarScaffG00000024065.1,SLK063_ragtag_chr16,8773775,9195958,1,8807956,introns,VAV2.1,VAV2,Similar to Vav2: Guanine nucleotide exchange factor VAV2 (Mus musculus OX=10090),-22.4208079,0.009483649,Males
SLK063_ragtag_chr6.112898366,CarCarScaffG00000014065.1,SLK063_ragtag_chr6,112768702,112959706,2,112898366,introns,RTN1.2,RTN1,Similar to RTN1: Reticulon-1 (Homo sapiens OX=9606),-22.43568363,0.04068453,Males
SLK063_ragtag_chr5.64018934,CarCarScaffG00000011662.1,SLK063_ragtag_chr5,63846912,64136120,6,64018934,introns,CAMK4.4,CAMK4,Similar to CAMK4: Calcium/calmodulin-dependent protein kinase type IV (Homo sapiens OX=9606),-22.47104247,0.002899205,Males
SLK063_ragtag_chr2.11258343,CarCarScaffG00000005017.1,SLK063_ragtag_chr2,11238332,11263725,1,11258343,introns,AQP1.1,AQP1,Similar to AQP1: Aquaporin-1 (Sus scrofa OX=9823),-22.51578523,0.005090216,Males
SLK063_ragtag_chr1.140764424,CarCarScaffG00000002240.1,SLK063_ragtag_chr1,140586572,140762764,1,140764424,intergenic,ANOS1.1,ANOS1,Similar to ANOS1: Anosmin-1 (Homo sapiens OX=9606),-22.56169213,0.002341128,Males
SLK063_ragtag_chr10.15653253,CarCarScaffG00000018852.1,SLK063_ragtag_chr10,15593897,15706097,1,15653253,introns,NA,NA,Protein of unknown function,-22.59259259,0.037365958,Males
SLK063_ragtag_chr1.148140218,CarCarScaffG00000002306.1,SLK063_ragtag_chr1,148137683,148139353,1,148140218,intergenic,RAI2.1,RAI2,Similar to RAI2: Retinoic acid-induced protein 2 (Homo sapiens OX=9606),-22.7519743,0.00462416,Males
SLK063_ragtag_chr21.13242640,CarCarScaffG00000026275.1,SLK063_ragtag_chr21,13241496,13242296,1,13242640,intergenic,NA,NA,Protein of unknown function,-22.7852716,0.034271972,Males
SLK063_ragtag_chr11.60989708,CarCarScaffG00000020573.1,SLK063_ragtag_chr11,60949198,61043340,4,60989708,introns,NA,NA,Protein of unknown function,-22.81155015,0.006095297,Males
SLK063_ragtag_chr11.5919858,CarCarScaffG00000020014.1,SLK063_ragtag_chr11,5824325,5910567,1,5919858,intergenic,NDUFA10.1,NDUFA10,"Similar to NDUFA10: NADH dehydrogenase [ubiquinone] 1 alpha subcomplex subunit 10, mitochondrial (Pongo abelii OX=9601)",-22.86611476,0.039186799,Males
SLK063_ragtag_chr4.42970282,CarCarScaffG00000010010.1,SLK063_ragtag_chr4,42696548,42986496,1,42970282,introns,NR3C2.1,NR3C2,Similar to NR3C2: Mineralocorticoid receptor (Aotus nancymaae OX=37293),-22.90954659,0.012877345,Males
SLK063_ragtag_chr1.209990901,CarCarScaffG00000002992.1,SLK063_ragtag_chr1,209899199,209998298,1,209990901,introns,CASR.1,CASR,Similar to CASR: Extracellular calcium-sensing receptor (Homo sapiens OX=9606),-22.91666667,0.032296173,Males
SLK063_ragtag_chr11.60662629,CarCarScaffG00000020572.1,SLK063_ragtag_chr11,60507693,60841719,1,60662629,introns,THSD7B.1,THSD7B,Similar to THSD7B: Thrombospondin type-1 domain-containing protein 7B (Homo sapiens OX=9606),-22.93233083,0.037032744,Males
SLK063_ragtag_chr13.22235159,CarCarScaffG00000022152.1,SLK063_ragtag_chr13,22223719,22283222,1,22235159,introns,UNK.1,UNK,Similar to UNK: RING finger protein unkempt homolog (Canis lupus familiaris OX=9615),-22.95704296,0.037464957,Males
SLK063_ragtag_chr14.16331030,CarCarScaffG00000022771.1,SLK063_ragtag_chr14,16313284,16374826,1,16331030,introns,PTPN1.1,PTPN1,Similar to PTPN1: Tyrosine-protein phosphatase non-receptor type 1 (Gallus gallus OX=9031),-22.96497111,0.002182603,Males
SLK063_ragtag_chr3.68849929,CarCarScaffG00000008209.1,SLK063_ragtag_chr3,68763062,69177729,1,68849929,introns,KIF26B.1,KIF26B,Similar to KIF26B: Kinesin-like protein KIF26B (Homo sapiens OX=9606),-22.98578199,0.019821215,Males
SLK063_ragtag_chr5.118722535,CarCarScaffG00000012154.1,SLK063_ragtag_chr5,118699926,118915889,1,118722535,introns,CPLX1.1,CPLX1,Similar to Cplx1: Complexin-1 (Mus musculus OX=10090),-23.05657851,0.030839807,Males
SLK063_ragtag_chr3.47583940,CarCarScaffG00000007957.1,SLK063_ragtag_chr3,47508868,47669976,1,47583940,introns,IGSF3.1,IGSF3,Similar to IGSF3: Immunoglobulin superfamily member 3 (Homo sapiens OX=9606),-23.08829102,0.035544356,Males
SLK063_ragtag_chr6.95733131,CarCarScaffG00000013866.1,SLK063_ragtag_chr6,95574126,95816982,1,95733131,introns,ITPK1.1,ITPK1,Similar to ITPK1: Inositol-tetrakisphosphate 1-kinase (Gallus gallus OX=9031),-23.14373089,0.047536444,Males
SLK063_ragtag_chr11.22199560,CarCarScaffG00000020198.1,SLK063_ragtag_chr11,22016328,22227597,1,22199560,introns,ANKRD44.1,ANKRD44,Similar to ANKRD44: Serine/threonine-protein phosphatase 6 regulatory ankyrin repeat subunit B (Gallus gallus OX=9031),-23.1456044,0.027344021,Males
SLK063_ragtag_chr10.66972849,CarCarScaffG00000019602.1,SLK063_ragtag_chr10,66821090,67132259,1,66972849,introns,XYLT1.1,XYLT1,Similar to XYLT1: Xylosyltransferase 1 (Homo sapiens OX=9606),-23.22707323,0.034230726,Males
SLK063_ragtag_chr6.91605308,CarCarScaffG00000013818.1,SLK063_ragtag_chr6,91559671,91635737,1,91605308,introns,SPATA7.1,SPATA7,Similar to SPATA7: Spermatogenesis-associated protein 7 (Homo sapiens OX=9606),-23.23897301,0.03212389,Males
SLK063_ragtag_chr14.18013233,CarCarScaffG00000022799.1,SLK063_ragtag_chr14,17873891,18090572,1,18013233,introns,PREX1.1,PREX1,"Similar to PREX1: Phosphatidylinositol 3,4,5-trisphosphate-dependent Rac exchanger 1 protein (Homo sapiens OX=9606)",-23.25424972,0.008328438,Males
SLK063_ragtag_chr4.119444321,CarCarScaffG00000010707.1,SLK063_ragtag_chr4,119395610,119476074,2,119444321,introns,EVC.1,EVC,Similar to EVC: Ellis-van Creveld syndrome protein (Homo sapiens OX=9606),-23.26345432,0.045329995,Males
SLK063_ragtag_chr15.3094326,CarCarScaffG00000023356.1,SLK063_ragtag_chr15,2947001,3272740,1,3094326,introns,MYO18B.1,MYO18B,Similar to MYO18B: Unconventional myosin-XVIIIb (Homo sapiens OX=9606),-23.42123936,0.029529174,Males
SLK063_ragtag_chr5.126070528,CarCarScaffG00000012233.1,SLK063_ragtag_chr5,126056365,126092397,1,126070528,introns,TBC1D2.1,TBC1D2,Similar to Tbc1d2: TBC1 domain family member 2A (Mus musculus OX=10090),-23.4470603,0.002474712,Males
SLK063_ragtag_chr20.9054115,CarCarScaffG00000025884.1,SLK063_ragtag_chr20,9030798,9119080,5,9054115,introns,FOXP4.3,FOXP4,Similar to FOXP4: Forkhead box protein P4 (Homo sapiens OX=9606),-23.56206973,6.16E-05,Males
SLK063_ragtag_chr7.84617222,CarCarScaffG00000015388.1,SLK063_ragtag_chr7,84563728,84754168,1,84617222,introns,PALD1.1,PALD1,Similar to PALD1: Paladin (Gallus gallus OX=9031),-23.59816739,0.049586344,Males
SLK063_ragtag_chr24.13595145,CarCarScaffG00000027805.1,SLK063_ragtag_chr24,13578075,13601900,1,13595145,introns,WNT3.1,WNT3,Similar to WNT3: Proto-oncogene Wnt-3 (Homo sapiens OX=9606),-23.61601679,0.007675171,Males
SLK063_ragtag_chr14.2044340,CarCarScaffG00000022538.1,SLK063_ragtag_chr14,1986827,2040999,1,2044340,intergenic,BPIFB4.1,BPIFB4,Similar to Bpifb4: BPI fold-containing family B member 4 (Mus musculus OX=10090),-23.72531683,0.031233127,Males
SLK063_ragtag_chr1.10048818,CarCarScaffG00000000962.1,SLK063_ragtag_chr1,9986350,10114018,1,10048818,exons,GDPD5.1,GDPD5,Similar to GDPD5: Glycerophosphodiester phosphodiesterase domain-containing protein 5 (Gallus gallus OX=9031),-24.00542495,0.040227578,Males
SLK063_ragtag_chr2.231864078,CarCarScaffG00000007102.1,SLK063_ragtag_chr2,231683240,231898340,1,231864078,introns,ANGPT1.1,ANGPT1,Similar to ANGPT1: Angiopoietin-1 (Homo sapiens OX=9606),-24.06559046,0.026844607,Males
SLK063_ragtag_chr5.93179126,CarCarScaffG00000011935.1,SLK063_ragtag_chr5,93024052,93197125,1,93179126,introns,SMARCA2.1,SMARCA2,Similar to SMARCA2: Probable global transcription activator SNF2L2 (Homo sapiens OX=9606),-24.09128664,0.015415851,Males
SLK063_ragtag_chr16.14024116,CarCarScaffG00000024206.1,SLK063_ragtag_chr16,14007575,14016781,1,14024116,intergenic,ST6GALNAC4.1,ST6GALNAC4,"Similar to ST6GALNAC4: Alpha-N-acetyl-neuraminyl-2,3-beta-galactosyl-1,3-N-acetyl-galactosaminide alpha-2,6-sialyltransferase (Homo sapiens OX=9606)",-24.09462167,0.023264134,Males
SLK063_ragtag_chr2.130626745,CarCarScaffG00000006149.1,SLK063_ragtag_chr2,130325709,130727045,1,130626745,introns,TRIO.1,TRIO,Similar to TRIO: Triple functional domain protein (Homo sapiens OX=9606),-24.11414381,0.029851634,Males
SLK063_ragtag_chr2.134828011,CarCarScaffG00000006173.1,SLK063_ragtag_chr2,134766568,134982067,1,134828011,introns,CDH12.1,CDH12,Similar to CDH12: Cadherin-12 (Homo sapiens OX=9606),-24.35395683,0.014599869,Males
SLK063_ragtag_chr11.60998181,CarCarScaffG00000020573.1,SLK063_ragtag_chr11,60949198,61043340,4,60998181,introns,NA,NA,Protein of unknown function,-24.36943272,0.016638278,Males
SLK063_ragtag_chr13.24925962,CarCarScaffG00000022244.1,SLK063_ragtag_chr13,24927053,24931093,1,24925962,promoters,WFIKKN2.1,WFIKKN2,"Similar to Wfikkn2: WAP, Kazal, immunoglobulin, Kunitz and NTR domain-containing protein 2 (Mus musculus OX=10090)",-24.5047373,0.010585702,Males
SLK063_ragtag_chr16.9708351,CarCarScaffG00000024083.1,SLK063_ragtag_chr16,9652294,9713013,1,9708351,introns,CCDC180.1,CCDC180,Similar to CCDC180: Coiled-coil domain-containing protein 180 (Homo sapiens OX=9606),-24.50707786,0.018122981,Males
SLK063_ragtag_chr11.11892124,CarCarScaffG00000020078.1,SLK063_ragtag_chr11,11784790,11947570,1,11892124,introns,IKZF2.1,IKZF2,Similar to IKZF2: Zinc finger protein Helios (Homo sapiens OX=9606),-24.54456489,0.000216925,Males
SLK063_ragtag_chr16.14098777,CarCarScaffG00000024207.1,SLK063_ragtag_chr16,14073955,14112934,1,14098777,introns,FAM102A.1,FAM102A,Similar to Fam102a: Protein FAM102A (Mus musculus OX=10090),-24.74768912,0.028725196,Males
SLK063_ragtag_chr1.220770536,CarCarScaffG00000003246.1,SLK063_ragtag_chr1,220607298,220804338,1,220770536,introns,ANO2.1,ANO2,Similar to Ano2: Anoctamin-2 (Mus musculus OX=10090),-24.81146305,0.036621423,Males
SLK063_ragtag_chr13.35205477,CarCarScaffG00000022399.1,SLK063_ragtag_chr13,35169066,35233142,1,35205477,introns,AATK.1,AATK,Similar to Aatk: Serine/threonine-protein kinase LMTK1 (Mus musculus OX=10090),-24.8368856,0.030084938,Males
SLK063_ragtag_chr1.245088647,CarCarScaffG00000003533.1,SLK063_ragtag_chr1,245066023,245124840,1,245088647,introns,SYT10.1,SYT10,Similar to SYT10: Synaptotagmin-10 (Pongo abelii OX=9601),-25.02794766,0.017796245,Males
SLK063_ragtag_chr4.47320430,CarCarScaffG00000010055.1,SLK063_ragtag_chr4,47319144,47404606,1,47320430,introns,MGAT4B.1,MGAT4B,"Similar to mgat4b: Alpha-1,3-mannosyl-glycoprotein 4-beta-N-acetylglucosaminyltransferase B (Danio rerio OX=7955)",-25.04464513,0.003287879,Males
SLK063_ragtag_chr2.231465466,CarCarScaffG00000007100.1,SLK063_ragtag_chr2,231445064,231456491,1,231465466,intergenic,ABRA.1,ABRA,Similar to ABRA: Actin-binding Rho-activating protein (Sus scrofa OX=9823),-25.10258838,0.000993695,Males
SLK063_ragtag_chr10.60122083,CarCarScaffG00000019534.1,SLK063_ragtag_chr10,60090803,60142106,1,60122083,introns,CARHSP1.1,CARHSP1,Similar to Carhsp1: Calcium-regulated heat stable protein 1 (Mus musculus OX=10090),-25.28462113,0.000348637,Males
SLK063_ragtag_chr1.235853615,CarCarScaffG00000003406.1,SLK063_ragtag_chr1,235854148,235854928,1,235853615,intergenic,NA,NA,Protein of unknown function,-25.35678828,0.023966274,Males
SLK063_ragtag_chr11.61002507,CarCarScaffG00000020573.1,SLK063_ragtag_chr11,60949198,61043340,4,61002507,introns,NA,NA,Protein of unknown function,-25.37002104,0.000202004,Males
SLK063_ragtag_chr6.7452066,CarCarScaffG00000012646.1,SLK063_ragtag_chr6,7461848,7464946,1,7452066,intergenic,NA,NA,Protein of unknown function,-25.47077922,0.008071378,Males
SLK063_ragtag_chr11.36458978,CarCarScaffG00000020334.1,SLK063_ragtag_chr11,36335729,36489514,1,36458978,introns,CHN1.1,CHN1,Similar to CHN1: N-chimaerin (Homo sapiens OX=9606),-25.49339549,0.005466201,Males
SLK063_ragtag_chr25.3816917,CarCarScaffG00000027994.1,SLK063_ragtag_chr25,3817201,3825317,1,3816917,promoters,ZP4.1,ZP4,Similar to ZP4: Zona pellucida sperm-binding protein 4 (Bos taurus OX=9913),-25.59196617,0.033850122,Males
SLK063_ragtag_chr11.60954925,CarCarScaffG00000020573.1,SLK063_ragtag_chr11,60949198,61043340,4,60954925,introns,NA,NA,Protein of unknown function,-25.79514916,0.016967827,Males
SLK063_ragtag_chr9.52396473,CarCarScaffG00000017954.1,SLK063_ragtag_chr9,52194763,52517388,2,52396473,introns,EPHB1.1,EPHB1,Similar to Ephb1: Ephrin type-B receptor 1 (Rattus norvegicus OX=10116),-25.82149362,0.014559997,Males
SLK063_ragtag_chr24.3614369,CarCarScaffG00000027581.1,SLK063_ragtag_chr24,3608203,3616866,1,3614369,introns,NA,NA,Protein of unknown function,-25.85227273,0.041997175,Males
SLK063_ragtag_chr3.194473436,CarCarScaffG00000009363.1,SLK063_ragtag_chr3,194408036,194521611,10,194473436,introns,EFR3B.7,EFR3B,Similar to EFR3B: Protein EFR3 homolog B (Homo sapiens OX=9606),-25.95149075,0.00011938,Males
SLK063_ragtag_chr5.64057087,CarCarScaffG00000011662.1,SLK063_ragtag_chr5,63846912,64136120,6,64057087,introns,CAMK4.6,CAMK4,Similar to CAMK4: Calcium/calmodulin-dependent protein kinase type IV (Homo sapiens OX=9606),-25.95440085,0.032985064,Males
SLK063_ragtag_chr13.21775408,CarCarScaffG00000022133.1,SLK063_ragtag_chr13,21778534,21784047,1,21775408,intergenic,FOXJ1.1,FOXJ1,Similar to foxj1: Forkhead box protein J1 (Xenopus tropicalis OX=8364),-26.12732095,0.000639371,Males
SLK063_ragtag_chr4.119463615,CarCarScaffG00000010707.1,SLK063_ragtag_chr4,119395610,119476074,2,119463615,introns,EVC.2,EVC,Similar to EVC: Ellis-van Creveld syndrome protein (Homo sapiens OX=9606),-26.30378096,0.009976348,Males
SLK063_ragtag_chr27.9864786,CarCarScaffG00000029464.1,SLK063_ragtag_chr27,9871922,9872449,1,9864786,intergenic,ARF6.1,ARF6,Similar to ARF6: ADP-ribosylation factor 6 (Homo sapiens OX=9606),-26.32733655,0.000842556,Males
SLK063_ragtag_chr17.17190530,CarCarScaffG00000024671.1,SLK063_ragtag_chr17,17199655,17223367,1,17190530,intergenic,HEATR6.1,HEATR6,Similar to heatr6: HEAT repeat-containing protein 6 (Xenopus laevis OX=8355),-26.50910823,0.001297803,Males
SLK063_ragtag_chr6.25944854,CarCarScaffG00000013037.1,SLK063_ragtag_chr6,25894999,26468716,1,25944854,introns,SBF2.1,SBF2,Similar to SBF2: Myotubularin-related protein 13 (Homo sapiens OX=9606),-26.64977781,0.021707862,Males
SLK063_ragtag_chr22.3853221,CarCarScaffG00000026652.1,SLK063_ragtag_chr22,3852405,3883072,1,3853221,introns,KLK14.1,KLK14,Similar to Klk14: Kallikrein-14 (Mus musculus OX=10090),-26.68918919,0.003261758,Males
SLK063_ragtag_chr6.65004408,CarCarScaffG00000013531.1,SLK063_ragtag_chr6,64939728,65049677,1,65004408,introns,CCDC9B.1,CCDC9B,Similar to CCDC9B: Coiled-coil domain-containing protein 9B (Pongo abelii OX=9601),-26.93039178,0.002929302,Males
SLK063_ragtag_chr15.3963254,CarCarScaffG00000023374.1,SLK063_ragtag_chr15,3938841,3991511,1,3963254,introns,NA,NA,Protein of unknown function,-26.99462196,0.009666071,Males
SLK063_ragtag_chr9.79701363,CarCarScaffG00000018274.1,SLK063_ragtag_chr9,79699081,79710541,1,79701363,introns,AKAP17B.1,AKAP17B,Similar to Akap17b: A-kinase anchor protein 17B (Mus musculus OX=10090),-27.02846889,0.002676332,Males
SLK063_ragtag_chr14.20824691,CarCarScaffG00000022848.1,SLK063_ragtag_chr14,20824091,20831124,1,20824691,introns,PIGT.1,PIGT,Similar to PIGT: GPI transamidase component PIG-T (Homo sapiens OX=9606),-27.10918711,0.01199718,Males
SLK063_ragtag_chr1.329902460,CarCarScaffG00000004546.1,SLK063_ragtag_chr1,329842506,329980103,1,329902460,introns,ELAPOR2.1,ELAPOR2,Similar to ELAPOR2: Endosome/lysosome-associated apoptosis and autophagy regulator family member 2 (Homo sapiens OX=9606),-27.11087975,0.013900598,Males
SLK063_ragtag_chr10.35288804,CarCarScaffG00000019120.1,SLK063_ragtag_chr10,35284214,35362768,1,35288804,introns,TMEM266.1,TMEM266,Similar to TMEM266: Transmembrane protein 266 (Macaca fascicularis OX=9541),-27.40384615,0.039542184,Males
SLK063_ragtag_chr15.12629316,CarCarScaffG00000023527.1,SLK063_ragtag_chr15,12525979,12636342,1,12629316,introns,NA,NA,Protein of unknown function,-27.4338855,0.00503964,Males
SLK063_ragtag_chr3.61514327,CarCarScaffG00000008126.1,SLK063_ragtag_chr3,61480124,61510321,1,61514327,intergenic,HSP90AB1.1,HSP90AB1,Similar to HSP90AB1: Heat shock protein HSP 90-beta (Equus caballus OX=9796),-27.77332799,0.008440922,Males
SLK063_ragtag_chr1.250973500,CarCarScaffG00000003610.1,SLK063_ragtag_chr1,250892438,251086714,1,250973500,introns,NA,NA,Protein of unknown function,-28.78293524,0.003706098,Males
SLK063_ragtag_chr3.76668991,CarCarScaffG00000008275.1,SLK063_ragtag_chr3,76495715,76783105,1,76668991,introns,SLC35F3.1,SLC35F3,Similar to SLC35F3: Putative thiamine transporter SLC35F3 (Homo sapiens OX=9606),-28.86446886,0.000947254,Males
SLK063_ragtag_chr6.112795770,CarCarScaffG00000014065.1,SLK063_ragtag_chr6,112768702,112959706,2,112795770,introns,RTN1.1,RTN1,Similar to RTN1: Reticulon-1 (Homo sapiens OX=9606),-29.15777583,0.000866531,Males
SLK063_ragtag_chr2.17350447,CarCarScaffG00000005082.1,SLK063_ragtag_chr2,17356375,17356929,1,17350447,intergenic,NA,NA,Similar to Transposon TX1 uncharacterized 82 kDa protein (Xenopus laevis OX=8355),-29.80170514,0.004836592,Males
SLK063_ragtag_chr4.52370405,CarCarScaffG00000010103.1,SLK063_ragtag_chr4,52329299,52365295,1,52370405,intergenic,PCDH10.1,PCDH10,Similar to PCDH10: Protocadherin-10 (Homo sapiens OX=9606),-32.86541889,0.004642256,Males